"SUID","BetweennessCentrality","ClosenessCentrality","Degree","name","selected","shared name","Type"
"72","6.822E-4","0.31965567","11","龔秀金","false","龔秀金","PERSON"
"73","6.41E-6","0.27940808","3","齊除","false","齊除","PERSON"
"74","2.898E-5","0.29033099","5","齊柏林","false","齊柏林","PERSON"
"75","6.41E-6","0.27940808","3","齊徐","false","齊徐","PERSON"
"76","4.6E-7","0.27243825","2","鼎謹","false","鼎謹","PERSON"
"77","0.0","0.26836907","1","黛玉葬","false","黛玉葬","PERSON"
"78","0.0","0.26836907","1","黛玉","false","黛玉","PERSON"
"79","3.985E-5","0.28942582","5","黄長興","false","黄長興","PERSON"
"80","3.3657E-4","0.33263661","3","黄日","false","黄日","PERSON"
"81","0.00377823","0.35398793","22","黃金","false","黃金","PERSON"
"82","8.54E-6","0.27870903","3","黃炎","false","黃炎","PERSON"
"83","2.7891E-4","0.31531277","8","黃涵","false","黃涵","PERSON"
"84","6.5772E-4","0.30781984","9","黃日","false","黃日","PERSON"
"85","2.31E-5","0.31371445","3","黃振世","false","黃振世","PERSON"
"86","2.31E-5","0.31371445","3","黃定","false","黃定","PERSON"
"87","0.00165135","0.33243808","7","黃伯度","false","黃伯度","PERSON"
"88","5.1552E-4","0.28396635","10","黃任","false","黃任","PERSON"
"89","2.699E-5","0.27006061","8","麥觀","false","麥觀","PERSON"
"90","1.44E-6","0.27019161","2","鹹杜月","false","鹹杜月","PERSON"
"91","1.253E-5","0.27431667","5","鵬任","false","鵬任","PERSON"
"92","1.1508E-4","0.29185224","7","鴻笙","false","鴻笙","PERSON"
"93","0.0","0.27006061","1","鳳娃","false","鳳娃","PERSON"
"94","1.355E-5","0.27622118","3","魯迅","false","魯迅","PERSON"
"95","6.8512E-4","0.32697388","11","魏軒耀","false","魏軒耀","PERSON"
"96","2.31E-5","0.31371445","3","魏廷","false","魏廷","PERSON"
"97","0.0","0.26657095","1","魏伯禎","false","魏伯禎","PERSON"
"98","0.0","0.26901715","1","魏伯楨","false","魏伯楨","PERSON"
"99","2.871E-5","0.29063397","3","高軒","false","高軒","PERSON"
"100","8.54E-6","0.27870903","3","高特威","false","高特威","PERSON"
"101","1.527E-5","0.27257157","7","高市","false","高市","PERSON"
"102","0.0","0.26914714","1","高仁偶","false","高仁偶","PERSON"
"103","0.0","0.28882551","1","驥爲","false","驥爲","PERSON"
"104","5.288E-5","0.27912804","7","駱淸","false","駱淸","PERSON"
"105","0.0","0.26836907","1","馮婦","false","馮婦","PERSON"
"106","2.0511E-4","0.31477819","12","馬立斯","false","馬立斯","PERSON"
"107","1.107E-5","0.27982919","6","馬祥生","false","馬祥生","PERSON"
"108","2.884E-5","0.27594749","6","馬景","false","馬景","PERSON"
"109","0.0","0.31283347","1","馬國","false","馬國","PERSON"
"110","1.0111E-4","0.31584916","4","馥蘭","false","馥蘭","PERSON"
"111","0.0","0.26914714","1","顧蘭","false","顧蘭","PERSON"
"112","0.0","0.31283347","1","顧無","false","顧無","PERSON"
"113","8.54E-6","0.27870903","3","顧時夫","false","顧時夫","PERSON"
"114","3.374E-5","0.31389124","4","顧文生","false","顧文生","PERSON"
"115","2.31E-5","0.31371445","3","顧守","false","顧守","PERSON"
"116","8.54E-6","0.27870903","3","顧吟秋","false","顧吟秋","PERSON"
"117","1.15E-6","0.26849843","5","顏駿人","false","顏駿人","PERSON"
"118","3.5901E-4","0.31801313","9","顏惠慶","false","顏惠慶","PERSON"
"119","0.0","0.26914714","1","顏惠","false","顏惠","PERSON"
"120","2.31E-5","0.31371445","3","項康","false","項康","PERSON"
"121","9.45E-6","0.27243825","9","章警秋","false","章警秋","PERSON"
"122","0.0","0.27006061","1","章華金","false","章華金","PERSON"
"123","3.645E-5","0.27540173","4","章叔","false","章叔","PERSON"
"124","4.6E-7","0.27243825","2","韋廉士","false","韋廉士","PERSON"
"125","1.253E-5","0.27431667","5","靳雲","false","靳雲","PERSON"
"126","3.3657E-4","0.33263661","3","非木","false","非木","PERSON"
"127","9.45E-6","0.27243825","9","靜江","false","靜江","PERSON"
"128","3.2089E-4","0.31965567","4","霞飛","false","霞飛","PERSON"
"129","1.6E-7","0.27032274","3","霜為","false","霜為","PERSON"
"130","2.699E-5","0.27006061","8","電陳","false","電陳","PERSON"
"131","3.218E-5","0.27649541","2","電林","false","電林","PERSON"
"132","0.0","0.31283347","1","雷竺笙","false","雷竺笙","PERSON"
"133","4.6916E-4","0.32317958","2","雲寳","false","雲寳","PERSON"
"134","0.0","0.27006061","1","雪卿","false","雪卿","PERSON"
"135","4.6916E-4","0.32317958","2","雖杜","false","雖杜","PERSON"
"136","5.7E-6","0.27540173","2","陸星莊","false","陸星莊","PERSON"
"137","5.7E-6","0.27540173","2","陸星","false","陸星","PERSON"
"138","0.0","0.27512966","1","陸恒","false","陸恒","PERSON"
"139","0.0","0.31283347","1","陸丹林","false","陸丹林","PERSON"
"140","0.0","0.27912804","1","陶遺","false","陶遺","PERSON"
"141","8.54E-6","0.27870903","3","陶百","false","陶百","PERSON"
"142","0.0","0.27912804","1","陶樂","false","陶樂","PERSON"
"143","5.7032E-4","0.32620791","7","陳霆","false","陳霆","PERSON"
"144","1.7316E-4","0.28644896","8","陳雪","false","陳雪","PERSON"
"145","0.0","0.27635822","1","陳阿","false","陳阿","PERSON"
"146","2.027E-5","0.28942582","4","陳鐸","false","陳鐸","PERSON"
"147","8.54E-6","0.27870903","3","陳郁","false","陳郁","PERSON"
"148","8.54E-6","0.27870903","3","陳誠","false","陳誠","PERSON"
"149","8.54E-6","0.27870903","3","陳訪","false","陳訪","PERSON"
"150","6.893E-5","0.27485813","6","陳行","false","陳行","PERSON"
"151","2.05E-5","0.28942582","4","陳蘊珍堂","false","陳蘊珍堂","PERSON"
"152","7.3618E-4","0.33564327","7","陳蘊","false","陳蘊","PERSON"
"153","0.0","0.31283347","1","陳藴珍堂","false","陳藴珍堂","PERSON"
"154","3.374E-5","0.31389124","4","陳維","false","陳維","PERSON"
"155","8.54E-6","0.27870903","3","陳立夫","false","陳立夫","PERSON"
"156","1.355E-5","0.27622118","3","陳立","false","陳立","PERSON"
"157","2.31E-5","0.31371445","3","陳璇","false","陳璇","PERSON"
"158","4.0799E-4","0.29063397","4","陳濟","false","陳濟","PERSON"
"159","2.4397E-4","0.31928919","4","陳方","false","陳方","PERSON"
"160","2.31E-5","0.31371445","3","陳志","false","陳志","PERSON"
"161","8.072E-5","0.31371445","5","陳廷","false","陳廷","PERSON"
"162","1.6E-7","0.27032274","3","陳履霜","false","陳履霜","PERSON"
"163","1.6E-7","0.27032274","3","陳履","false","陳履","PERSON"
"164","0.0","0.26811071","1","陳專","false","陳專","PERSON"
"165","5.533E-5","0.29108963","5","陳家","false","陳家","PERSON"
"166","0.0","0.31283347","1","陳孝威","false","陳孝威","PERSON"
"167","3.374E-5","0.31389124","4","陳子","false","陳子","PERSON"
"168","3.09E-6","0.27190627","2","陳培","false","陳培","PERSON"
"169","2.699E-5","0.27006061","8","陳嘉庚","false","陳嘉庚","PERSON"
"170","3.374E-5","0.31389124","4","陳其芬","false","陳其芬","PERSON"
"171","1.107E-5","0.27982919","6","陳世昌","false","陳世昌","PERSON"
"172","2.884E-5","0.27594749","6","阿為","false","阿為","PERSON"
"173","0.0","0.28882551","1","阿泉自","false","阿泉自","PERSON"
"174","1.107E-5","0.27982919","6","阿刺伯","false","阿刺伯","PERSON"
"175","0.0","0.31283347","1","阮維","false","阮維","PERSON"
"176","2.7891E-4","0.31531277","8","關炯","false","關炯","PERSON"
"177","8.1E-7","0.26721036","3","長黃","false","長黃","PERSON"
"178","2.884E-5","0.27594749","6","長蔣","false","長蔣","PERSON"
"179","9.45E-6","0.27243825","9","長耀","false","長耀","PERSON"
"180","1.107E-5","0.27982919","6","長秦","false","長秦","PERSON"
"181","8.0347E-4","0.32582626","10","長潘","false","長潘","PERSON"
"182","9.45E-6","0.27243825","9","長殷雄","false","長殷雄","PERSON"
"183","1.355E-5","0.27622118","3","長杉","false","長杉","PERSON"
"184","6.8512E-4","0.32697388","11","長曹","false","長曹","PERSON"
"185","2.898E-5","0.29033099","5","長文","false","長文","PERSON"
"186","1.44E-6","0.27019161","2","長戴","false","長戴","PERSON"
"187","9.45E-6","0.27243825","9","長張","false","長張","PERSON"
"188","9.45E-6","0.27243825","9","長呂","false","長呂","PERSON"
"189","2.884E-5","0.27594749","6","長吳","false","長吳","PERSON"
"190","1.107E-5","0.27982919","6","長俞","false","長俞","PERSON"
"191","6.41E-6","0.27940808","3","镕西","false","镕西","PERSON"
"192","0.0","0.27006061","1","錢鑄","false","錢鑄","PERSON"
"193","0.0","0.27006061","1","錢莉英","false","錢莉英","PERSON"
"194","6.822E-4","0.31965567","11","錢永銘","false","錢永銘","PERSON"
"195","0.0","0.27512966","1","錢松","false","錢松","PERSON"
"196","8.54E-6","0.27870903","3","錢昌照","false","錢昌照","PERSON"
"197","0.0","0.27635822","1","銘記","false","銘記","PERSON"
"198","1.44E-6","0.27019161","2","金華","false","金華","PERSON"
"199","8.54E-6","0.27870903","3","金祖懋","false","金祖懋","PERSON"
"200","5.7E-6","0.27540173","2","金澗","false","金澗","PERSON"
"201","0.00151984","0.33403298","14","金潤庠","false","金潤庠","PERSON"
"202","1.355E-5","0.27622118","3","金津","false","金津","PERSON"
"203","1.527E-5","0.27257157","7","金武周","false","金武周","PERSON"
"204","3.374E-5","0.31389124","4","金楚湘","false","金楚湘","PERSON"
"205","0.00226425","0.3391172","15","金廷蓀","false","金廷蓀","PERSON"
"206","9.5151E-4","0.32793641","13","金廷","false","金廷","PERSON"
"207","9.8942E-4","0.32909897","10","金宗城","false","金宗城","PERSON"
"208","8.072E-5","0.31371445","5","金妹者","false","金妹者","PERSON"
"209","0.0","0.27006061","1","重濤","false","重濤","PERSON"
"210","6.41E-6","0.27940808","3","采丞","false","采丞","PERSON"
"211","0.0","0.27635822","1","鄭玉","false","鄭玉","PERSON"
"212","9.45E-6","0.27243825","9","鄭小秋","false","鄭小秋","PERSON"
"213","0.0","0.27635822","1","鄭子","false","鄭子","PERSON"
"214","0.0","0.26836907","1","鄭伯昭","false","鄭伯昭","PERSON"
"215","5.9223E-4","0.33564327","10","鄧脫","false","鄧脫","PERSON"
"216","6.893E-5","0.27485813","6","鄧祿普","false","鄧祿普","PERSON"
"217","6.893E-5","0.27485813","6","鄧祿","false","鄧祿","PERSON"
"218","3.374E-5","0.31389124","4","鄔鵬","false","鄔鵬","PERSON"
"219","1.4046E-4","0.31371445","6","郭順","false","郭順","PERSON"
"220","0.00973666","0.38007506","78","郭襄士","false","郭襄士","PERSON"
"221","0.0","0.27006061","1","郭筠峯","false","郭筠峯","PERSON"
"222","0.0","0.27912804","1","郭祖繩","false","郭祖繩","PERSON"
"223","0.0","0.26836907","1","郭泉","false","郭泉","PERSON"
"224","1.34E-6","0.26914714","6","郭慕儀","false","郭慕儀","PERSON"
"225","1.107E-5","0.27982919","6","邵虚","false","邵虚","PERSON"
"226","2.884E-5","0.27594749","6","邵安","false","邵安","PERSON"
"227","3.8874E-4","0.27718338","8","邵力子","false","邵力子","PERSON"
"228","7.115E-5","0.28353271","5","邱吉爾","false","邱吉爾","PERSON"
"229","6.1624E-4","0.3344341","7","選青","false","選青","PERSON"
"230","0.00110792","0.33747349","15","選靑","false","選靑","PERSON"
"231","2.884E-5","0.27594749","6","達賴","false","達賴","PERSON"
"232","0.0","0.26811071","1","道德","false","道德","PERSON"
"233","6.8512E-4","0.32697388","11","運志","false","運志","PERSON"
"234","3.3657E-4","0.33263661","3","逸凡","false","逸凡","PERSON"
"235","9.45E-6","0.27243825","9","通甫","false","通甫","PERSON"
"236","4.6916E-4","0.32317958","2","迭决","false","迭决","PERSON"
"237","3.8726E-4","0.30197886","9","辛克萊","false","辛克萊","PERSON"
"238","0.0","0.27006061","1","載曉籟","false","載曉籟","PERSON"
"239","0.0","0.31283347","1","踴躍","false","踴躍","PERSON"
"240","0.0","0.27635822","1","趙連","false","趙連","PERSON"
"241","0.0","0.27512966","1","趙裕仁","false","趙裕仁","PERSON"
"242","8.072E-5","0.31371445","5","趙正","false","趙正","PERSON"
"243","5.105E-5","0.31336146","4","趙晋卿","false","趙晋卿","PERSON"
"244","0.0","0.26836907","1","趙南石","false","趙南石","PERSON"
"245","8.072E-5","0.31371445","5","賢處","false","賢處","PERSON"
"246","2.31E-5","0.31371445","3","費席珍","false","費席珍","PERSON"
"247","4.3725E-4","0.33303438","5","貝淞孫","false","貝淞孫","PERSON"
"248","0.0","0.31283347","1","貝淞","false","貝淞","PERSON"
"249","0.00152642","0.34650078","5","貝克","false","貝克","PERSON"
"250","8.54E-6","0.27870903","3","谷正","false","谷正","PERSON"
"251","9.45E-6","0.27243825","9","警秋","false","警秋","PERSON"
"252","2.3363E-4","0.29746328","4","謹詹","false","謹詹","PERSON"
"253","3.131E-5","0.29063397","3","謹啟","false","謹啟","PERSON"
"254","6.1111E-4","0.33584564","7","謹啓","false","謹啓","PERSON"
"255","0.0012899","0.33953063","12","謝葆生","false","謝葆生","PERSON"
"256","5.7E-6","0.27540173","2","謝筱","false","謝筱","PERSON"
"257","0.0","0.27512966","1","謝公","false","謝公","PERSON"
"258","3.374E-5","0.31389124","4","謝仲","false","謝仲","PERSON"
"259","1.34E-6","0.26914714","6","謙泰","false","謙泰","PERSON"
"260","0.0","0.27364284","1","謙次","false","謙次","PERSON"
"261","0.0","0.27364284","1","謙决","false","謙决","PERSON"
"262","1.107E-5","0.27982919","6","謀竺","false","謀竺","PERSON"
"263","1.963E-5","0.2904824","2","諾爾","false","諾爾","PERSON"
"264","0.00193587","0.35020434","16","諸維","false","諸維","PERSON"
"265","2.3363E-4","0.29746328","4","諸祈","false","諸祈","PERSON"
"266","5.7E-6","0.27540173","2","諸文綺","false","諸文綺","PERSON"
"267","5.7E-6","0.27540173","2","諸文","false","諸文","PERSON"
"268","0.0","0.27006061","1","請梅","false","請梅","PERSON"
"269","0.0","0.27635822","1","誌禧","false","誌禧","PERSON"
"270","7.508E-5","0.27745953","6","詹森","false","詹森","PERSON"
"271","1.107E-5","0.27982919","6","診陳","false","診陳","PERSON"
"272","0.00205261","0.33808801","12","許曉","false","許曉","PERSON"
"273","0.0","0.31283347","1","許地山","false","許地山","PERSON"
"274","0.0","0.27912804","1","許冠群","false","許冠群","PERSON"
"275","0.00125174","0.32851666","11","許冠","false","許冠","PERSON"
"276","0.00440036","0.33808801","15","許世","false","許世","PERSON"
"277","3.295E-5","0.2907857","4","裘文","false","裘文","PERSON"
"278","0.00626861","0.3634584","32","袁履登","false","袁履登","PERSON"
"279","1.031E-4","0.31495618","5","袁履","false","袁履","PERSON"
"280","0.0","0.26811071","1","行馬","false","行馬","PERSON"
"281","9.9599E-4","0.33706505","12","行政院長","false","行政院長","PERSON"
"282","0.0","0.26811071","1","蟻光炎","false","蟻光炎","PERSON"
"283","2.0511E-4","0.31477819","12","號鍾","false","號鍾","PERSON"
"284","2.0511E-4","0.31477819","12","號田","false","號田","PERSON"
"285","1.8607E-4","0.29604039","5","號王","false","號王","PERSON"
"286","0.0","0.28882551","1","號夏","false","號夏","PERSON"
"287","4.5094E-4","0.31692745","5","虞洽卿","false","虞洽卿","PERSON"
"288","0.00107547","0.32525547","8","虞洽","false","虞洽","PERSON"
"289","2.482E-5","0.28942582","4","虞冾卿","false","虞冾卿","PERSON"
"290","3.374E-5","0.31389124","4","虞仲","false","虞仲","PERSON"
"291","5.7E-6","0.27540173","2","虛志","false","虛志","PERSON"
"292","0.0","0.27006061","1","蘭芳","false","蘭芳","PERSON"
"293","1.6E-7","0.27032274","3","蘭泉","false","蘭泉","PERSON"
"294","8.54E-6","0.27870903","3","蘭友","false","蘭友","PERSON"
"295","1.0111E-4","0.31584916","4","蘇記","false","蘇記","PERSON"
"296","0.0","0.31283347","1","蘇灘","false","蘇灘","PERSON"
"297","1.6E-7","0.27032274","3","藩陳","false","藩陳","PERSON"
"298","3.446E-5","0.28942582","5","藥兜","false","藥兜","PERSON"
"299","0.0","0.27635822","1","藍銘","false","藍銘","PERSON"
"300","0.0","0.27635822","1","藍何","false","藍何","PERSON"
"301","0.0","0.27006061","1","薛覺","false","薛覺","PERSON"
"302","2.31E-5","0.31371445","3","薛耕莘","false","薛耕莘","PERSON"
"303","2.31E-5","0.31371445","3","薛篤弼","false","薛篤弼","PERSON"
"304","0.0","0.27635822","1","蕭佛","false","蕭佛","PERSON"
"305","1.355E-5","0.27622118","3","蔣總","false","蔣總","PERSON"
"306","5.105E-5","0.31336146","4","蔣有","false","蔣有","PERSON"
"307","0.0","0.26811071","1","蔣孔","false","蔣孔","PERSON"
"308","0.00157887","0.33625113","13","蔣委","false","蔣委","PERSON"
"309","3.374E-5","0.31389124","4","蔣信","false","蔣信","PERSON"
"310","0.0","0.27635822","1","蔡貴生","false","蔡貴生","PERSON"
"311","5.288E-5","0.27912804","5","蔡聲白","false","蔡聲白","PERSON"
"312","3.374E-5","0.31389124","4","蔡福棠","false","蔡福棠","PERSON"
"313","3.295E-5","0.2907857","4","蔡洪生","false","蔡洪生","PERSON"
"314","0.0","0.26836907","1","蔡昌","false","蔡昌","PERSON"
"315","8.82E-6","0.27045399","4","蔡咸章","false","蔡咸章","PERSON"
"316","1.444E-5","0.27884856","3","蒼成","false","蒼成","PERSON"
"317","1.6E-7","0.27032274","3","董焜","false","董焜","PERSON"
"318","1.6E-7","0.27032274","3","董廣","false","董廣","PERSON"
"319","5.639E-5","0.31318527","3","董凱","false","董凱","PERSON"
"320","3.645E-5","0.27540173","4","董仲偉","false","董仲偉","PERSON"
"321","6.41E-6","0.27940808","3","董事胡","false","董事胡","PERSON"
"322","6.41E-6","0.27940808","3","董事張","false","董事張","PERSON"
"323","5.7E-6","0.27540173","2","葛維","false","葛維","PERSON"
"324","2.31E-5","0.31371445","3","葛福田","false","葛福田","PERSON"
"325","0.0","0.27006061","1","葉順","false","葉順","PERSON"
"326","0.00216068","0.32582626","11","葉蘭泉","false","葉蘭泉","PERSON"
"327","1.6E-7","0.27032274","3","葉蘭","false","葉蘭","PERSON"
"328","0.0","0.27635822","1","葉楚","false","葉楚","PERSON"
"329","3.5901E-4","0.31801313","10","葉恭","false","葉恭","PERSON"
"330","2.1245E-4","0.29541236","7","葆生","false","葆生","PERSON"
"331","0.00129343","0.31928919","13","葆成","false","葆成","PERSON"
"332","0.0","0.27006061","1","華程","false","華程","PERSON"
"333","0.0","0.26901715","1","華王","false","華王","PERSON"
"334","6.41E-6","0.27940808","3","莊長","false","莊長","PERSON"
"335","9.45E-6","0.27243825","9","莊瑞","false","莊瑞","PERSON"
"336","3.446E-5","0.28942582","5","英相","false","英相","PERSON"
"337","3.491E-5","0.27649541","5","英對","false","英對","PERSON"
"338","1.6E-7","0.27032274","3","英報","false","英報","PERSON"
"339","6.41E-6","0.27940808","3","芬楊","false","芬楊","PERSON"
"340","1.107E-5","0.27982919","6","良伯","false","良伯","PERSON"
"341","7.115E-5","0.28353271","5","船東","false","船東","PERSON"
"342","0.0","0.28882551","1","與陸","false","與陸","PERSON"
"343","0.0","0.27635822","1","與何","false","與何","PERSON"
"344","2.056E-5","0.27084853","7","至茅","false","至茅","PERSON"
"345","5.639E-5","0.31318527","3","自威","false","自威","PERSON"
"346","4.6E-7","0.27243825","2","臧醫","false","臧醫","PERSON"
"347","2.31E-5","0.31371445","3","胡詠祺","false","胡詠祺","PERSON"
"348","5.7E-6","0.27540173","2","胡西園","false","胡西園","PERSON"
"349","0.0","0.27006061","1","胡蝶","false","胡蝶","PERSON"
"350","1.107E-5","0.27982919","6","胡珮芬","false","胡珮芬","PERSON"
"351","0.0","0.27635822","1","胡永城","false","胡永城","PERSON"
"352","1.6E-7","0.27032274","3","胡木蘭","false","胡木蘭","PERSON"
"353","4.6492E-4","0.28778094","9","胡文虎","false","胡文虎","PERSON"
"354","8.82E-6","0.27045399","4","胡文","false","胡文","PERSON"
"355","0.0","0.31283347","1","胡政","false","胡政","PERSON"
"356","0.0","0.31283347","1","胡孟嘉","false","胡孟嘉","PERSON"
"357","0.0","0.31283347","1","胡好","false","胡好","PERSON"
"358","3.374E-5","0.31389124","4","胡壽祺","false","胡壽祺","PERSON"
"359","2.31E-5","0.31371445","3","胡國喬","false","胡國喬","PERSON"
"360","7.115E-5","0.28353271","5","胡參","false","胡參","PERSON"
"361","8.82E-6","0.27045399","4","胡兆祥","false","胡兆祥","PERSON"
"362","1.253E-5","0.27431667","5","肥原","false","肥原","PERSON"
"363","1.0111E-4","0.31584916","4","聿光","false","聿光","PERSON"
"364","4.6916E-4","0.32317958","2","聶中丞","false","聶中丞","PERSON"
"365","0.01450579","0.3872089","44","聞蘭亭","false","聞蘭亭","PERSON"
"366","1.527E-5","0.27257157","7","聖芳濟","false","聖芳濟","PERSON"
"367","8.54E-6","0.27870903","3","翁文","false","翁文","PERSON"
"368","4.309E-5","0.29292664","4","義憑","false","義憑","PERSON"
"369","3.22E-6","0.26888728","2","羅馬敎皇","false","羅馬敎皇","PERSON"
"370","0.03704211","0.40970945","86","羅斯福","false","羅斯福","PERSON"
"371","3.491E-5","0.27649541","5","羅富國","false","羅富國","PERSON"
"372","0.0","0.27006061","1","繼虞","false","繼虞","PERSON"
"373","2.31E-5","0.31371445","3","緝庭","false","緝庭","PERSON"
"374","8.1E-7","0.26721036","3","緘繼","false","緘繼","PERSON"
"375","8.072E-5","0.31371445","5","經邱","false","經邱","PERSON"
"376","6.41E-6","0.27940808","3","經毓","false","經毓","PERSON"
"377","0.0","0.26836907","1","紫絹","false","紫絹","PERSON"
"378","0.0","0.31283347","1","索琴","false","索琴","PERSON"
"379","6.8512E-4","0.32697388","11","納路","false","納路","PERSON"
"380","1.253E-5","0.27431667","5","精衛","false","精衛","PERSON"
"381","1.311E-4","0.31692745","3","米星如爲","false","米星如爲","PERSON"
"382","4.0826E-4","0.32113001","7","米星","false","米星","PERSON"
"383","0.0","0.31283347","1","簡而明","false","簡而明","PERSON"
"384","0.0","0.31283347","1","簡經綸","false","簡經綸","PERSON"
"385","6.41E-6","0.27940808","3","筆江","false","筆江","PERSON"
"386","1.031E-4","0.31495618","5","笙陳","false","笙陳","PERSON"
"387","2.0511E-4","0.31477819","12","笙遺","false","笙遺","PERSON"
"388","1.44E-6","0.27019161","2","笙辭","false","笙辭","PERSON"
"389","3.2089E-4","0.31965567","4","笙諸","false","笙諸","PERSON"
"390","4.6E-7","0.27243825","2","笙袁","false","笙袁","PERSON"
"391","0.00148226","0.34932581","11","笙虞","false","笙虞","PERSON"
"392","0.0","0.28882551","1","笙秦","false","笙秦","PERSON"
"393","1.1508E-4","0.29185224","7","笙林","false","笙林","PERSON"
"394","3.2089E-4","0.31965567","4","笙將","false","笙將","PERSON"
"395","0.00148226","0.34932581","11","笙兪","false","笙兪","PERSON"
"396","3.9098E-4","0.33283537","3","竺梅","false","竺梅","PERSON"
"397","4.8313E-4","0.28166877","4","穆藕","false","穆藕","PERSON"
"398","2.31E-5","0.31371445","3","程桐生","false","程桐生","PERSON"
"399","0.0","0.26901715","1","程慶","false","程慶","PERSON"
"400","1.472E-5","0.28927551","3","程志","false","程志","PERSON"
"401","2.31E-5","0.31371445","3","程子","false","程子","PERSON"
"402","0.00665503","0.36656795","62","秦潤卿","false","秦潤卿","PERSON"
"403","0.0031367","0.35153045","28","秦潤","false","秦潤","PERSON"
"404","9.4292E-4","0.32851666","11","科黄","false","科黄","PERSON"
"405","4.6E-7","0.27243825","2","科黃","false","科黃","PERSON"
"406","9.45E-6","0.27243825","9","科天","false","科天","PERSON"
"407","6.41E-6","0.27940808","3","秉志","false","秉志","PERSON"
"408","4.885E-4","0.31728852","7","萬成","false","萬成","PERSON"
"409","0.0","0.27006061","1","萬志","false","萬志","PERSON"
"410","0.0","0.27006061","1","禮救","false","禮救","PERSON"
"411","1.7316E-4","0.28644896","8","禮婦","false","禮婦","PERSON"
"412","3.3657E-4","0.33263661","3","禮女","false","禮女","PERSON"
"413","5.869E-4","0.31928919","9","福記","false","福記","PERSON"
"414","2.31E-5","0.31371445","3","福田","false","福田","PERSON"
"415","2.884E-5","0.27594749","6","福寗","false","福寗","PERSON"
"416","1.031E-4","0.31495618","5","祥生","false","祥生","PERSON"
"417","1.34E-6","0.26914714","6","祥泰莊","false","祥泰莊","PERSON"
"418","5.5116E-4","0.32487606","6","示王","false","示王","PERSON"
"419","9.592E-5","0.27815231","6","石筱山","false","石筱山","PERSON"
"420","2.31E-5","0.31371445","3","瞿振華","false","瞿振華","PERSON"
"421","0.0","0.26811071","1","相伯","false","相伯","PERSON"
"422","5.225E-5","0.29093758","5","盧翼","false","盧翼","PERSON"
"423","4.0826E-4","0.32113001","7","盧壽","false","盧壽","PERSON"
"424","3.09E-6","0.27190627","2","盛世才","false","盛世才","PERSON"
"425","0.0","0.26901715","1","盛丕","false","盛丕","PERSON"
"426","1.414E-5","0.28912536","3","白濁","false","白濁","PERSON"
"427","1.355E-5","0.27622118","3","白崇","false","白崇","PERSON"
"428","1.031E-4","0.31495618","5","登馬","false","登馬","PERSON"
"429","5.5116E-4","0.32487606","6","登廣","false","登廣","PERSON"
"430","0.0","0.26836907","1","當余","false","當余","PERSON"
"431","1.355E-5","0.27622118","3","田隊","false","田隊","PERSON"
"432","2.31E-5","0.31371445","3","田淑","false","田淑","PERSON"
"433","1.0111E-4","0.31584916","4","產科黃","false","產科黃","PERSON"
"434","6.41E-6","0.27940808","3","生守禮","false","生守禮","PERSON"
"435","0.00440125","0.3237431","27","瓦斯","false","瓦斯","PERSON"
"436","0.0","0.27635822","1","璋父","false","璋父","PERSON"
"437","0.0","0.28882551","1","瑜瑾","false","瑜瑾","PERSON"
"438","2.884E-5","0.27594749","6","瑚方","false","瑚方","PERSON"
"439","9.45E-6","0.27243825","9","理黃","false","理黃","PERSON"
"440","9.45E-6","0.27243825","9","理章","false","理章","PERSON"
"441","1.107E-5","0.27982919","6","珮蘅","false","珮蘅","PERSON"
"442","0.0","0.26836907","1","王鳳姐","false","王鳳姐","PERSON"
"443","3.374E-5","0.31389124","4","王靖東","false","王靖東","PERSON"
"444","7.8432E-4","0.33564327","13","王選青","false","王選青","PERSON"
"445","5.533E-4","0.30296437","17","王選靑","false","王選靑","PERSON"
"446","0.00411438","0.3641713","32","王選","false","王選","PERSON"
"447","9.45E-6","0.27243825","9","王貢三","false","王貢三","PERSON"
"448","1.205E-5","0.28912536","3","王角王","false","王角王","PERSON"
"449","8.54E-6","0.27870903","3","王經塵","false","王經塵","PERSON"
"450","1.6E-7","0.27032274","3","王紹齋","false","王紹齋","PERSON"
"451","2.1874E-4","0.31746936","3","王正華","false","王正華","PERSON"
"452","9.8317E-4","0.32131526","10","王正廷","false","王正廷","PERSON"
"453","8.34E-6","0.363103","2","軍部","false","軍部","ORG"
"454","8.34E-6","0.363103","2","聖約翰大學","false","聖約翰大學","ORG"
"455","8.34E-6","0.363103","2","中國救濟婦孺總會","false","中國救濟婦孺總會","ORG"
"456","8.34E-6","0.363103","2","上海私立貧兒敎養院","false","上海私立貧兒敎養院","ORG"
"457","5.4454E-4","0.36357702","4","鄧祿普膠胎公司","false","鄧祿普膠胎公司","ORG"
"458","5.4454E-4","0.36357702","4","英商亞細亞","false","英商亞細亞","ORG"
"459","5.4454E-4","0.36357702","4","美商美孚","false","美商美孚","ORG"
"460","5.4454E-4","0.36357702","4","福特汽車公司","false","福特汽車公司","ORG"
"461","5.4454E-4","0.36357702","4","上海英美企業界","false","上海英美企業界","ORG"
"462","3.2335E-4","0.363103","2","中國地理硏究所","false","中國地理硏究所","ORG"
"463","4.0826E-4","0.32113001","7","王性","false","王性","PERSON"
"464","5.37E-6","0.26875754","4","王得天","false","王得天","PERSON"
"465","0.0","0.27006061","1","王延松","false","王延松","PERSON"
"466","1.6E-7","0.27032274","3","王定慧","false","王定慧","PERSON"
"467","0.37057867","0.56923863","306","王曉籟","false","王曉籟","PERSON"
"468","2.871E-5","0.29063397","3","王大生","false","王大生","PERSON"
"469","1.444E-5","0.27884856","3","王壽椿","false","王壽椿","PERSON"
"470","3.374E-5","0.31389124","4","王和松","false","王和松","PERSON"
"471","1.107E-5","0.27982919","6","王劍鍔","false","王劍鍔","PERSON"
"472","1.21E-6","0.26695423","3","王冠英","false","王冠英","PERSON"
"473","5.7E-6","0.27540173","2","王兆昌","false","王兆昌","PERSON"
"474","0.0","0.27006061","1","王元","false","王元","PERSON"
"475","0.0","0.31283347","1","王儒堂","false","王儒堂","PERSON"
"476","1.21E-6","0.26695423","3","王世杰","false","王世杰","PERSON"
"477","7.108E-5","0.28425619","3","王三","false","王三","PERSON"
"478","0.0","0.27364284","1","玉謙","false","玉謙","PERSON"
"479","3.295E-5","0.2907857","4","獨鶴","false","獨鶴","PERSON"
"480","8.057E-5","0.31336146","4","特霄","false","特霄","PERSON"
"481","2.884E-5","0.27594749","6","爾格","false","爾格","PERSON"
"482","3.295E-5","0.2907857","4","爾康凡","false","爾康凡","PERSON"
"483","0.0","0.28882551","1","父德","false","父德","PERSON"
"484","1.44E-6","0.27019161","2","爲虞","false","爲虞","PERSON"
"485","2.056E-5","0.27084853","7","爲茅","false","爲茅","PERSON"
"486","0.0","0.31283347","1","爲三","false","爲三","PERSON"
"487","3.374E-5","0.31389124","4","焦鼎","false","焦鼎","PERSON"
"488","6.8512E-4","0.32697388","11","炳生","false","炳生","PERSON"
"489","2.027E-5","0.28942582","4","濮梅克軍","false","濮梅克軍","PERSON"
"490","1.9086E-4","0.31602837","5","濤霞","false","濤霞","PERSON"
"491","1.107E-5","0.27982919","6","濟成","false","濟成","PERSON"
"492","3.7394E-4","0.3013254","7","潤卿","false","潤卿","PERSON"
"493","2.31E-5","0.31371445","3","潘肇邦","false","潘肇邦","PERSON"
"494","1.34E-6","0.26914714","6","潘炳臣","false","潘炳臣","PERSON"
"495","1.34E-6","0.26914714","6","潘吳","false","潘吳","PERSON"
"496","1.355E-5","0.27622118","3","潘友","false","潘友","PERSON"
"497","5.5116E-4","0.32487606","6","潘兩","false","潘兩","PERSON"
"498","8.54E-6","0.27870903","3","潘內","false","潘內","PERSON"
"499","2.83E-6","0.27164106","2","潘仰堯","false","潘仰堯","PERSON"
"500","9.2042E-4","0.32659044","9","潘仰","false","潘仰","PERSON"
"501","8.54E-6","0.27870903","3","潘一山","false","潘一山","PERSON"
"502","3.491E-5","0.27649541","5","漢謀","false","漢謀","PERSON"
"503","8.54E-6","0.27870903","3","溫少","false","溫少","PERSON"
"504","0.0","0.28882551","1","滋康","false","滋康","PERSON"
"505","0.0","0.26914714","1","湯飛凡","false","湯飛凡","PERSON"
"506","0.0","0.28882551","1","湘生","false","湘生","PERSON"
"507","2.83E-6","0.27164106","2","渭濱","false","渭濱","PERSON"
"508","0.0","0.31283347","1","淺予","false","淺予","PERSON"
"509","3.985E-5","0.28942582","5","涵春","false","涵春","PERSON"
"510","0.0","0.26836907","1","浩於","false","浩於","PERSON"
"511","2.53E-6","0.26888728","2","派施","false","派施","PERSON"
"512","8.1E-7","0.26721036","3","派張","false","派張","PERSON"
"513","0.0","0.27635822","1","派克","false","派克","PERSON"
"514","0.0","0.27006061","1","洽老","false","洽老","PERSON"
"515","0.00374946","0.36110211","20","洽卿","false","洽卿","PERSON"
"516","3.374E-5","0.31389124","4","洪頌","false","洪頌","PERSON"
"517","6.41E-6","0.27940808","3","洪芬","false","洪芬","PERSON"
"518","1.6E-7","0.27032274","3","泉為","false","泉為","PERSON"
"519","6.6112E-4","0.3334331","7","沙遜","false","沙遜","PERSON"
"520","3.374E-5","0.31389124","4","沙利文","false","沙利文","PERSON"
"521","1.34E-6","0.26914714","6","沈長賡","false","沈長賡","PERSON"
"522","0.0","0.26914714","1","沈聯芳","false","沈聯芳","PERSON"
"523","0.0","0.27635822","1","沈羅","false","沈羅","PERSON"
"524","0.0","0.27006061","1","沈秋雁","false","沈秋雁","PERSON"
"525","5.5821E-4","0.33483619","4","沈百","false","沈百","PERSON"
"526","0.0","0.27635822","1","沈玉璋","false","沈玉璋","PERSON"
"527","0.0","0.27635822","1","沈玉","false","沈玉","PERSON"
"528","0.0","0.27635822","1","沈月","false","沈月","PERSON"
"529","8.54E-6","0.27870903","3","沈慧笋","false","沈慧笋","PERSON"
"530","3.374E-5","0.31389124","4","沈學文","false","沈學文","PERSON"
"531","2.31E-5","0.31371445","3","沈伯英","false","沈伯英","PERSON"
"532","5.225E-5","0.29093758","5","汪紹詩","false","汪紹詩","PERSON"
"533","6.327E-5","0.27472256","8","汪精衛","false","汪精衛","PERSON"
"534","8.54E-6","0.27870903","3","汪竹","false","汪竹","PERSON"
"535","6.41E-6","0.27940808","3","汪伯奇","false","汪伯奇","PERSON"
"536","0.0036959","0.35556974","15","江笑笑","false","江笑笑","PERSON"
"537","2.0511E-4","0.31477819","12","江禮","false","江禮","PERSON"
"538","8.54E-6","0.27870903","3","江恒源","false","江恒源","PERSON"
"539","0.00358905","0.36333986","3","三民公司","false","三民公司","ORG"
"540","0.0","0.26657095","1","江偉","false","江偉","PERSON"
"541","0.00136142","0.33066192","13","江一平","false","江一平","PERSON"
"542","8.1E-7","0.26721036","3","汝鑒","false","汝鑒","PERSON"
"543","2.0511E-4","0.31477819","12","永銘","false","永銘","PERSON"
"544","2.884E-5","0.27594749","6","毛布","false","毛布","PERSON"
"545","2.4397E-4","0.31928919","4","毛委","false","毛委","PERSON"
"546","0.00323947","0.34585532","16","毛和源","false","毛和源","PERSON"
"547","3.2089E-4","0.31965567","4","母趙","false","母趙","PERSON"
"548","4.6916E-4","0.32317958","2","殺成","false","殺成","PERSON"
"549","0.0","0.27006061","1","殷小山","false","殷小山","PERSON"
"550","1.107E-5","0.27982919","6","武銘","false","武銘","PERSON"
"551","0.0","0.31283347","1","歐陽","false","歐陽","PERSON"
"552","0.0","0.27635822","1","樹棠","false","樹棠","PERSON"
"553","1.2433E-4","0.282526","3","樊城","false","樊城","PERSON"
"554","1.311E-5","0.28912536","3","樂楚廷","false","樂楚廷","PERSON"
"555","3.967E-5","0.29154672","3","樂善章","false","樂善章","PERSON"
"556","8.072E-5","0.31371445","5","榮偕","false","榮偕","PERSON"
"557","4.6E-7","0.27243825","2","榮俞","false","榮俞","PERSON"
"558","2.027E-5","0.28942582","4","楨紐","false","楨紐","PERSON"
"559","0.0","0.31283347","1","楊紀","false","楊紀","PERSON"
"560","9.936E-5","0.31424542","6","楊志雄","false","楊志雄","PERSON"
"561","0.0","0.27006061","1","楊專","false","楊專","PERSON"
"562","0.0","0.31283347","1","楊天","false","楊天","PERSON"
"563","4.6E-7","0.27243825","2","楊叔","false","楊叔","PERSON"
"564","1.6E-7","0.27032274","3","楊千","false","楊千","PERSON"
"565","1.527E-5","0.27257157","7","楊元","false","楊元","PERSON"
"566","0.0","0.27006061","1","楊依","false","楊依","PERSON"
"567","1.031E-4","0.31495618","5","楊世昌","false","楊世昌","PERSON"
"568","0.00122898","0.34435858","5","棠賽","false","棠賽","PERSON"
"569","2.0129E-4","0.29619782","6","梅溪","false","梅溪","PERSON"
"570","1.107E-5","0.27982919","6","梅先","false","梅先","PERSON"
"571","0.0","0.31283347","1","梁溪","false","梁溪","PERSON"
"572","0.0","0.27635822","1","桃李","false","桃李","PERSON"
"573","9.45E-6","0.27243825","9","桂叔","false","桂叔","PERSON"
"574","2.0511E-4","0.31477819","12","柯炳章","false","柯炳章","PERSON"
"575","0.0","0.26836907","1","林黛玉","false","林黛玉","PERSON"
"576","4.2003E-4","0.27996984","9","林語堂","false","林語堂","PERSON"
"577","1.15E-6","0.26849843","5","林渭川","false","林渭川","PERSON"
"578","4.0826E-4","0.32113001","7","林春山","false","林春山","PERSON"
"579","6.4147E-4","0.33523924","5","林文忠","false","林文忠","PERSON"
"580","6.8512E-4","0.32697388","11","林康候","false","林康候","PERSON"
"581","5.403E-4","0.3638145","5","滬港工商界","false","滬港工商界","ORG"
"582","5.403E-4","0.3638145","5","南洋商業考察團","false","南洋商業考察團","ORG"
"583","0.06648154","0.44364795","140","林康侯","false","林康侯","PERSON"
"584","0.0","0.26914714","1","林康","false","林康","PERSON"
"585","0.0","0.27006061","1","林大濟","false","林大濟","PERSON"
"586","0.00196126","0.34779894","14","松茂","false","松茂","PERSON"
"587","0.0011622","0.31783167","4","杜鏞","false","杜鏞","PERSON"
"588","3.2089E-4","0.31965567","4","杜錢","false","杜錢","PERSON"
"589","1.5628E-4","0.36333986","3","貴陽廣播電","false","貴陽廣播電","ORG"
"590","1.5628E-4","0.36333986","3","貴州電臺","false","貴州電臺","ORG"
"591","1.5628E-4","0.36333986","3","民黨","false","民黨","ORG"
"592","4.14E-6","0.36333986","3","上海難民救濟協會市民組觀募委員會","false","上海難民救濟協會市民組觀募委員會","ORG"
"593","4.14E-6","0.36333986","3","上海總行","false","上海總行","ORG"
"594","0.12778547","0.48371689","211","杜月笙","false","杜月笙","PERSON"
"595","0.00654867","0.36899636","38","杜月","false","杜月","PERSON"
"596","0.00182164","0.33263661","11","李馥蓀","false","李馥蓀","PERSON"
"597","0.0","0.26836907","1","李雪芳","false","李雪芳","PERSON"
"598","2.31E-5","0.31371445","3","李耘孫","false","李耘孫","PERSON"
"599","8.54E-6","0.27870903","3","李翼","false","李翼","PERSON"
"600","1.311E-4","0.31692745","3","李組紳","false","李組紳","PERSON"
"601","4.0826E-4","0.32113001","7","李組申","false","李組申","PERSON"
"602","1.444E-5","0.27884856","3","李炳奎","false","李炳奎","PERSON"
"603","0.0","0.27635822","1","李濟琛","false","李濟琛","PERSON"
"604","0.0","0.27912804","1","李文杰","false","李文杰","PERSON"
"605","1.6E-7","0.27032274","3","李思浩為","false","李思浩為","PERSON"
"606","2.969E-4","0.27431667","5","李思浩","false","李思浩","PERSON"
"607","1.2433E-4","0.282526","3","李品仙","false","李品仙","PERSON"
"608","1.107E-5","0.27982919","6","李公杰","false","李公杰","PERSON"
"609","9.45E-6","0.27243825","9","朱開觀","false","朱開觀","PERSON"
"610","8.072E-5","0.31371445","5","朱金泉","false","朱金泉","PERSON"
"611","2.31E-5","0.31371445","3","朱良弼","false","朱良弼","PERSON"
"612","4.0826E-4","0.32113001","7","朱筱舫","false","朱筱舫","PERSON"
"613","2.027E-5","0.28942582","4","朱積煊","false","朱積煊","PERSON"
"614","3.3182E-4","0.31983922","7","朱慶瀾","false","朱慶瀾","PERSON"
"615","1.311E-5","0.28912536","3","朱愼昌","false","朱愼昌","PERSON"
"616","0.0","0.26914714","1","朱恒璧","false","朱恒璧","PERSON"
"617","0.0","0.27635822","1","朱德財","false","朱德財","PERSON"
"618","3.9098E-4","0.33283537","3","朱師墨","false","朱師墨","PERSON"
"619","0.0","0.27006061","1","朱屺瞻","false","朱屺瞻","PERSON"
"620","2.884E-5","0.27594749","6","朱子橋","false","朱子橋","PERSON"
"621","1.34E-6","0.26914714","6","朱勤甫","false","朱勤甫","PERSON"
"622","2.53E-6","0.26888728","2","朱伯寗","false","朱伯寗","PERSON"
"623","1.527E-5","0.27257157","7","朱仰高","false","朱仰高","PERSON"
"624","1.527E-5","0.27257157","7","朱仰","false","朱仰","PERSON"
"625","3.374E-5","0.31389124","4","朱亞揆","false","朱亞揆","PERSON"
"626","6.3992E-4","0.3645288","8","工部局公用委員會","false","工部局公用委員會","ORG"
"627","2.4397E-4","0.31928919","4","會孔","false","會孔","PERSON"
"628","6.8512E-4","0.32697388","11","曹炳生","false","曹炳生","PERSON"
"629","6.6587E-4","0.32094497","8","曹志功","false","曹志功","PERSON"
"630","2.83E-6","0.27164106","2","曹志","false","曹志","PERSON"
"631","0.0","0.26836907","1","曹大家","false","曹大家","PERSON"
"632","9.4292E-4","0.32851666","11","曰禮","false","曰禮","PERSON"
"633","8.5645E-4","0.27912804","6","曉籟","false","曉籟","PERSON"
"634","0.0","0.26836907","1","晴雯","false","晴雯","PERSON"
"635","2.0511E-4","0.31477819","12","景雲","false","景雲","PERSON"
"636","3.7797E-4","0.33283537","4","易方朔","false","易方朔","PERSON"
"637","1.963E-5","0.2904824","2","昌行","false","昌行","PERSON"
"638","1.9086E-4","0.31602837","5","日禮","false","日禮","PERSON"
"639","5.8703E-4","0.30181523","10","日皇","false","日皇","PERSON"
"640","9.35E-6","0.27230506","5","施舉基","false","施舉基","PERSON"
"641","0.0","0.27512966","1","施汝雄","false","施汝雄","PERSON"
"642","3.871E-5","0.29139419","3","施樂安","false","施樂安","PERSON"
"643","0.00623159","0.34693242","8","施春軒","false","施春軒","PERSON"
"644","0.0","0.27512966","1","施仁夫","false","施仁夫","PERSON"
"645","2.898E-5","0.29033099","5","於謝","false","於謝","PERSON"
"646","3.9098E-4","0.33283537","3","方耕伯","false","方耕伯","PERSON"
"647","9.45E-6","0.27243825","9","方澤斌","false","方澤斌","PERSON"
"648","9.3412E-4","0.32755072","9","方液","false","方液","PERSON"
"649","0.00225072","0.34671646","13","方椒伯","false","方椒伯","PERSON"
"650","3.3447E-4","0.31765041","6","方椒","false","方椒","PERSON"
"651","1.6E-7","0.27032274","3","方振武","false","方振武","PERSON"
"652","8.8807E-4","0.33808801","12","方剛","false","方剛","PERSON"
"653","1.355E-5","0.27622118","3","新云","false","新云","PERSON"
"654","2.898E-5","0.29033099","5","文葵","false","文葵","PERSON"
"655","0.0","0.26695423","1","文正","false","文正","PERSON"
"656","2.898E-5","0.29033099","5","文標","false","文標","PERSON"
"657","2.898E-5","0.29033099","5","文彬","false","文彬","PERSON"
"658","2.898E-5","0.29033099","5","文勳","false","文勳","PERSON"
"659","2.898E-5","0.29033099","5","文元","false","文元","PERSON"
"660","7.29E-6","0.28897536","2","敬希","false","敬希","PERSON"
"661","1.0111E-4","0.31584916","4","啟堂","false","啟堂","PERSON"
"662","4.6916E-4","0.32317958","2","故北","false","故北","PERSON"
"663","7.108E-5","0.28425619","3","據杜錢","false","據杜錢","PERSON"
"664","1.4046E-4","0.31371445","6","推袁","false","推袁","PERSON"
"665","0.0013233","0.28310038","8","推王","false","推王","PERSON"
"666","1.6E-7","0.27032274","3","推楊","false","推楊","PERSON"
"667","2.83E-6","0.27164106","2","推唐","false","推唐","PERSON"
"668","2.0511E-4","0.31477819","12","振懷","false","振懷","PERSON"
"669","4.844E-4","0.36333986","3","紹屬同","false","紹屬同","ORG"
"670","4.844E-4","0.36333986","3","甬同鄕會","false","甬同鄕會","ORG"
"671","4.844E-4","0.36333986","3","上虞民食調節會","false","上虞民食調節會","ORG"
"672","5.37E-6","0.26875754","4","指南","false","指南","PERSON"
"673","3.2089E-4","0.31965567","4","承王","false","承王","PERSON"
"674","0.0","0.31283347","1","承劉","false","承劉","PERSON"
"675","0.0","0.28882551","1","承俞","false","承俞","PERSON"
"676","1.0111E-4","0.31584916","4","房呂佑","false","房呂佑","PERSON"
"677","1.0111E-4","0.31584916","4","戴榮省","false","戴榮省","PERSON"
"678","1.0111E-4","0.31584916","4","戴松甫","false","戴松甫","PERSON"
"679","8.2922E-4","0.33808801","5","戴德醫師","false","戴德醫師","PERSON"
"680","0.0","0.28882551","1","戴宅","false","戴宅","PERSON"
"681","3.967E-5","0.29154672","3","應佩","false","應佩","PERSON"
"682","0.0","0.31283347","1","慶萱","false","慶萱","PERSON"
"683","4.885E-4","0.31728852","7","慶吳","false","慶吳","PERSON"
"684","0.0","0.26914714","1","慶代","false","慶代","PERSON"
"685","1.355E-5","0.27622118","3","慰蘇","false","慰蘇","PERSON"
"686","3.446E-5","0.28942582","5","惠臨","false","惠臨","PERSON"
"687","6.41E-6","0.27940808","3","恭為","false","恭為","PERSON"
"688","3.3657E-4","0.33263661","3","念元","false","念元","PERSON"
"689","2.884E-5","0.27594749","6","忠信","false","忠信","PERSON"
"690","0.0","0.27512966","1","志剛","false","志剛","PERSON"
"691","1.0111E-4","0.31584916","4","忍堂","false","忍堂","PERSON"
"692","1.0111E-4","0.31584916","4","德配黃","false","德配黃","PERSON"
"693","2.793E-5","0.28927551","4","從廉","false","從廉","PERSON"
"694","2.31E-5","0.31371445","3","徐釆丞","false","徐釆丞","PERSON"
"695","0.0","0.27635822","1","徐訐","false","徐訐","PERSON"
"696","0.0","0.27006061","1","徐琴芳","false","徐琴芳","PERSON"
"697","6.6099E-4","0.33544113","9","徐濟華","false","徐濟華","PERSON"
"698","3.374E-5","0.31389124","4","徐潤生","false","徐潤生","PERSON"
"699","8.54E-6","0.27870903","3","徐湛","false","徐湛","PERSON"
"700","1.7316E-4","0.28644896","8","徐景","false","徐景","PERSON"
"701","0.0","0.31283347","1","徐新六","false","徐新六","PERSON"
"702","8.54E-6","0.27870903","3","徐恩","false","徐恩","PERSON"
"703","1.444E-5","0.27884856","3","徐德福","false","徐德福","PERSON"
"704","0.00528244","0.34845167","34","徐寄傾","false","徐寄傾","PERSON"
"705","2.31E-5","0.31371445","3","徐大統","false","徐大統","PERSON"
"706","4.195E-5","0.2907857","4","張驥","false","張驥","PERSON"
"707","3.275E-5","0.28454662","2","張際","false","張際","PERSON"
"708","2.31E-5","0.31371445","3","張鏡湖","false","張鏡湖","PERSON"
"709","3.491E-5","0.27649541","5","張鏡","false","張鏡","PERSON"
"710","2.31E-5","0.31371445","3","張起","false","張起","PERSON"
"711","6.41E-6","0.27940808","3","張蘊","false","張蘊","PERSON"
"712","2.31E-5","0.31371445","3","張翼","false","張翼","PERSON"
"713","8.54E-6","0.27870903","3","張羣","false","張羣","PERSON"
"714","1.311E-4","0.31692745","3","張竹平","false","張竹平","PERSON"
"715","3.374E-5","0.31389124","4","張益","false","張益","PERSON"
"716","3.562E-5","0.28081674","2","張申","false","張申","PERSON"
"717","1.6E-7","0.27032274","3","張瀾","false","張瀾","PERSON"
"718","0.0","0.31283347","1","張正宇","false","張正宇","PERSON"
"719","3.374E-5","0.31389124","4","張文","false","張文","PERSON"
"720","5.7E-6","0.27540173","2","張慶","false","張慶","PERSON"
"721","5.7E-6","0.27540173","2","張惠康","false","張惠康","PERSON"
"722","2.31E-5","0.31371445","3","張念","false","張念","PERSON"
"723","3.374E-5","0.31389124","4","張德欽","false","張德欽","PERSON"
"724","4.8447E-4","0.32639906","5","張德","false","張德","PERSON"
"725","1.0111E-4","0.31584916","4","張學","false","張學","PERSON"
"726","6.1466E-4","0.32525547","8","張子","false","張子","PERSON"
"727","0.0","0.27912804","1","張嘯林","false","張嘯林","PERSON"
"728","8.54E-6","0.27870903","3","張嘉璈","false","張嘉璈","PERSON"
"729","0.0","0.26914714","1","龐京","false","龐京","PERSON"
"730","2.793E-5","0.28927551","4","康腦脫路一五九號電話","false","康腦脫路一五九號電話","PERSON"
"731","8.82E-6","0.27045399","4","康翰","false","康翰","PERSON"
"732","0.0","0.27111219","1","平止","false","平止","PERSON"
"733","2.884E-5","0.27594749","6","巴達","false","巴達","PERSON"
"734","3.253E-5","0.27377734","4","巴恩","false","巴恩","PERSON"
"735","0.0","0.27006061","1","工小生","false","工小生","PERSON"
"736","5.869E-4","0.31928919","9","崔萬","false","崔萬","PERSON"
"737","0.0","0.27635822","1","崇智","false","崇智","PERSON"
"738","8.54E-6","0.27870903","3","屈映","false","屈映","PERSON"
"739","9.35E-6","0.27230506","5","屈文","false","屈文","PERSON"
"740","7.3386E-4","0.36476752","9","韓啟克美產科醫院","false","韓啟克美產科醫院","ORG"
"741","7.3386E-4","0.36476752","9","路口總院","false","路口總院","ORG"
"742","7.3386E-4","0.36476752","9","蘇城世醫","false","蘇城世醫","ORG"
"743","7.3386E-4","0.36476752","9","脫路極司","false","脫路極司","ORG"
"744","7.3386E-4","0.36476752","9","東吳大學","false","東吳大學","ORG"
"745","7.3386E-4","0.36476752","9","中國醫藥研究社","false","中國醫藥研究社","ORG"
"746","1.7316E-4","0.28644896","8","尚希","false","尚希","PERSON"
"747","0.0","0.26811071","1","對馬","false","對馬","PERSON"
"748","3.2089E-4","0.31965567","4","對余","false","對余","PERSON"
"749","8.072E-5","0.31371445","5","將趙","false","將趙","PERSON"
"750","8.072E-5","0.31371445","5","將劉","false","將劉","PERSON"
"751","3.295E-5","0.2907857","4","寶耀庭","false","寶耀庭","PERSON"
"752","0.0","0.28882551","1","寳善","false","寳善","PERSON"
"753","3.374E-5","0.31389124","4","寄廎","false","寄廎","PERSON"
"754","0.0","0.27111219","1","家戴","false","家戴","PERSON"
"755","0.0","0.27635822","1","宜吿","false","宜吿","PERSON"
"756","1.963E-5","0.2904824","2","宏大","false","宏大","PERSON"
"757","7.78E-5","0.36333986","3","聞浙省臨時參議","false","聞浙省臨時參議","ORG"
"758","7.78E-5","0.36333986","3","省政","false","省政","ORG"
"759","7.78E-5","0.36333986","3","省參議","false","省參議","ORG"
"760","7.78E-5","0.36333986","3","大陸","false","大陸","ORG"
"761","0.00205878","0.33323362","14","宋漢章","false","宋漢章","PERSON"
"762","4.554E-4","0.36429039","7","鄭福蘭堂","false","鄭福蘭堂","ORG"
"763","4.554E-4","0.36429039","7","蕪湖中國釻行廿六年十二月二日","false","蕪湖中國釻行廿六年十二月二日","ORG"
"764","4.885E-4","0.31728852","7","宋桂記","false","宋桂記","PERSON"
"765","2.31E-5","0.31371445","3","宋孟華","false","宋孟華","PERSON"
"766","3.374E-5","0.31389124","4","宋士驤","false","宋士驤","PERSON"
"767","0.0","0.28882551","1","守淸","false","守淸","PERSON"
"768","3.3657E-4","0.33263661","3","守康","false","守康","PERSON"
"769","2.31E-5","0.31371445","3","孫鶴","false","孫鶴","PERSON"
"770","2.31E-5","0.31371445","3","孫道","false","孫道","PERSON"
"771","8.54E-6","0.27870903","3","孫起","false","孫起","PERSON"
"772","0.0","0.28882551","1","孫良","false","孫良","PERSON"
"773","2.31E-5","0.31371445","3","孫籌成","false","孫籌成","PERSON"
"774","3.1267E-4","0.2984195","6","孫科","false","孫科","PERSON"
"775","2.31E-5","0.31371445","3","孫相基","false","孫相基","PERSON"
"776","1.107E-5","0.27982919","6","孫滄","false","孫滄","PERSON"
"777","6.41E-6","0.27940808","3","孫洪芬","false","孫洪芬","PERSON"
"778","6.41E-6","0.27940808","3","孫洪","false","孫洪","PERSON"
"779","6.41E-6","0.27940808","3","孝述","false","孝述","PERSON"
"780","9.45E-6","0.27243825","9","孝翼","false","孝翼","PERSON"
"781","6.0E-7","0.26746699","3","孚將","false","孚將","PERSON"
"782","1.253E-5","0.27431667","5","孚任","false","孚任","PERSON"
"783","6.7296E-4","0.36500655","10","香港國民商業儲蓄銀行","false","香港國民商業儲蓄銀行","ORG"
"784","3.4315E-4","0.36429039","7","蕪湖滙安慶吳","false","蕪湖滙安慶吳","ORG"
"785","6.7296E-4","0.36500655","10","蕪湖中國銀行通訊","false","蕪湖中國銀行通訊","ORG"
"786","3.4315E-4","0.36429039","7","蕪湖中國銀行廿六年十二月二日","false","蕪湖中國銀行廿六年十二月二日","ORG"
"787","0.00246204","0.33645424","19","孔子","false","孔子","PERSON"
"788","0.00104848","0.29494308","8","威爾斯","false","威爾斯","PERSON"
"789","0.0","0.27111219","1","威廉","false","威廉","PERSON"
"790","5.105E-5","0.31336146","4","姚虞琴","false","姚虞琴","PERSON"
"791","2.31E-5","0.31371445","3","姚肇","false","姚肇","PERSON"
"792","2.31E-5","0.31371445","3","姚永言","false","姚永言","PERSON"
"793","0.00105959","0.36596583","14","滬港實業界","false","滬港實業界","ORG"
"794","0.00105959","0.36596583","14","國際博覽會出口協會","false","國際博覽會出口協會","ORG"
"795","0.00189928","0.36693017","18","中國國際博覽會出品協會","false","中國國際博覽會出品協會","ORG"
"796","0.00105959","0.36596583","14","上海慈善團體聯合救災會","false","上海慈善團體聯合救災會","ORG"
"797","0.01258006","0.39377872","38","姚佐頓","false","姚佐頓","PERSON"
"798","2.1874E-4","0.31746936","3","姑詩","false","姑詩","PERSON"
"799","6.4147E-4","0.33523924","5","奚良","false","奚良","PERSON"
"800","0.00541773","0.35421304","36","奚玉書","false","奚玉書","PERSON"
"801","4.7237E-4","0.3041223","10","奈格林","false","奈格林","PERSON"
"802","0.00368145","0.36548556","12","西安","false","西安","ORG"
"803","0.00368145","0.36548556","12","政院","false","政院","ORG"
"804","1.355E-5","0.27622118","3","夫率","false","夫率","PERSON"
"805","0.00108781","0.36357702","4","中中交農四行","false","中中交農四行","ORG"
"806","3.22E-6","0.26888728","2","太虛法","false","太虛法","PERSON"
"807","2.0511E-4","0.31477819","12","大昌興","false","大昌興","PERSON"
"808","1.414E-5","0.28912536","3","夏應堂","false","夏應堂","PERSON"
"809","2.382E-4","0.36357702","4","粵省黨政","false","粵省黨政","ORG"
"810","1.0322E-4","0.28454662","4","夏威","false","夏威","PERSON"
"811","8.3427E-4","0.29154672","8","壽景","false","壽景","PERSON"
"812","2.31E-5","0.31371445","3","壟靜","false","壟靜","PERSON"
"813","3.295E-5","0.2907857","4","壟振卿","false","壟振卿","PERSON"
"814","0.00339543","0.3652459","11","滬港工商界南洋商務考察","false","滬港工商界南洋商務考察","ORG"
"815","2.83E-6","0.27164106","2","堯兩人","false","堯兩人","PERSON"
"816","8.54E-6","0.27870903","3","培相","false","培相","PERSON"
"817","0.0","0.27635822","1","城處","false","城處","PERSON"
"818","4.6E-7","0.27243825","2","垂鑒","false","垂鑒","PERSON"
"819","2.056E-5","0.27084853","7","因茅","false","因茅","PERSON"
"820","3.501E-5","0.27297231","8","嚴諤","false","嚴諤","PERSON"
"821","3.295E-5","0.2907857","4","嚴蓉","false","嚴蓉","PERSON"
"822","6.0E-7","0.26746699","3","嚴大生","false","嚴大生","PERSON"
"823","0.0","0.27006061","1","嚴俊","false","嚴俊","PERSON"
"824","2.0511E-4","0.31477819","12","噪啓","false","噪啓","PERSON"
"825","9.3697E-4","0.36429039","7","甘肅省銓","false","甘肅省銓","ORG"
"826","9.3697E-4","0.36429039","7","滬童軍重","false","滬童軍重","ORG"
"827","9.3697E-4","0.36429039","7","比國紅","false","比國紅","ORG"
"828","9.3697E-4","0.36429039","7","台維遜","false","台維遜","ORG"
"829","9.3697E-4","0.36429039","7","南僑慰勞團","false","南僑慰勞團","ORG"
"830","9.3697E-4","0.36429039","7","健康知識","false","健康知識","ORG"
"831","9.3697E-4","0.36429039","7","上海健康知識社","false","上海健康知識社","ORG"
"832","2.699E-5","0.27006061","8","嘉庚","false","嘉庚","PERSON"
"833","1.0111E-4","0.31584916","4","喪張","false","喪張","PERSON"
"834","6.8512E-4","0.32697388","11","喇格","false","喇格","PERSON"
"835","0.0","0.26836907","1","商何","false","商何","PERSON"
"836","0.0","0.27006061","1","唐雲","false","唐雲","PERSON"
"837","3.1137E-4","0.36357702","4","英商公共汽車公司","false","英商公共汽車公司","ORG"
"838","3.1137E-4","0.36357702","4","工部局警務處","false","工部局警務處","ORG"
"839","7.4711E-4","0.36500655","10","納稅華人會","false","納稅華人會","ORG"
"840","7.4711E-4","0.36500655","10","公共租界納稅華人會","false","公共租界納稅華人會","ORG"
"841","0.00632437","0.35739493","34","唐拾義","false","唐拾義","PERSON"
"842","0.00173436","0.36596583","14","紗布交易所","false","紗布交易所","ORG"
"843","0.00173436","0.36596583","14","寧波旅滬同鄕會","false","寧波旅滬同鄕會","ORG"
"844","0.00173436","0.36596583","14","寧波旅滬同鄉會","false","寧波旅滬同鄉會","ORG"
"845","0.00173436","0.36596583","14","上海鴻壽書","false","上海鴻壽書","ORG"
"846","0.00173436","0.36596583","14","上海美術音樂研究院","false","上海美術音樂研究院","ORG"
"847","1.15E-6","0.26849843","5","唐志良","false","唐志良","PERSON"
"848","5.4494E-4","0.31620778","10","唐壽民","false","唐壽民","PERSON"
"849","3.7775E-4","0.36357702","4","美聯社","false","美聯社","ORG"
"850","3.7775E-4","0.36357702","4","日華","false","日華","ORG"
"851","7.508E-5","0.27745953","6","哲元","false","哲元","PERSON"
"852","5.5821E-4","0.33483619","4","哈德","false","哈德","PERSON"
"853","2.1874E-4","0.31746936","3","哀履","false","哀履","PERSON"
"854","3.374E-5","0.31389124","4","咨園","false","咨園","PERSON"
"855","2.884E-5","0.27594749","6","命張","false","命張","PERSON"
"856","0.00212553","0.3645288","8","聯合準備銀行","false","聯合準備銀行","ORG"
"857","0.00212553","0.3645288","8","經濟部滇省建設廳","false","經濟部滇省建設廳","ORG"
"858","0.00212553","0.3645288","8","參政院","false","參政院","ORG"
"859","8.82E-6","0.27045399","4","周醒","false","周醒","PERSON"
"860","1.527E-5","0.27257157","7","周邦俊","false","周邦俊","PERSON"
"861","0.00119442","0.32793641","11","周邦","false","周邦","PERSON"
"862","0.0","0.26836907","1","周某","false","周某","PERSON"
"863","1.9086E-4","0.31602837","5","周松","false","周松","PERSON"
"864","7.29E-6","0.28897536","2","周恩來","false","周恩來","PERSON"
"865","1.6E-7","0.27032274","3","周尙為","false","周尙為","PERSON"
"866","1.6E-7","0.27032274","3","周尙","false","周尙","PERSON"
"867","8.072E-5","0.31371445","5","周察覺","false","周察覺","PERSON"
"868","1.107E-5","0.27982919","6","周夢","false","周夢","PERSON"
"869","0.0","0.26914714","1","周代","false","周代","PERSON"
"870","0.0","0.26811071","1","呂超","false","呂超","PERSON"
"871","1.6E-7","0.27032274","3","吳鼎昌","false","吳鼎昌","PERSON"
"872","0.0","0.28882551","1","吳達","false","吳達","PERSON"
"873","0.00179049","0.36357702","4","濟部","false","濟部","ORG"
"874","0.00179049","0.36357702","4","國民參政會","false","國民參政會","ORG"
"875","0.00179049","0.36357702","4","參政會","false","參政會","ORG"
"876","1.21E-6","0.26695423","3","吳貽芳","false","吳貽芳","PERSON"
"877","0.00185886","0.36429039","7","出品協會","false","出品協會","ORG"
"878","3.09E-6","0.27190627","2","吳西坡","false","吳西坡","PERSON"
"879","0.00561164","0.36838624","24","為量才獎學基金","false","為量才獎學基金","ORG"
"880","0.00561164","0.36838624","24","才獎學基金團","false","才獎學基金團","ORG"
"881","0.00183926","0.33403298","11","吳藴初","false","吳藴初","PERSON"
"882","3.295E-5","0.2907857","4","吳良材","false","吳良材","PERSON"
"883","3.295E-5","0.2907857","4","吳良","false","吳良","PERSON"
"884","2.056E-5","0.27084853","7","吳紹","false","吳紹","PERSON"
"885","0.0","0.26811071","1","吳稚暉","false","吳稚暉","PERSON"
"886","1.44E-6","0.27019161","2","吳秘","false","吳秘","PERSON"
"887","0.0","0.27006061","1","吳江楓","false","吳江楓","PERSON"
"888","0.0","0.26836907","1","吳昌","false","吳昌","PERSON"
"889","0.0","0.27006061","1","吳宮","false","吳宮","PERSON"
"890","5.7E-6","0.27540173","2","吳哲生","false","吳哲生","PERSON"
"891","8.0501E-4","0.3652459","11","上海郵政管理局","false","上海郵政管理局","ORG"
"892","9.3138E-4","0.2990604","11","吳佩孚","false","吳佩孚","PERSON"
"893","0.0","0.28882551","1","吕兩","false","吕兩","PERSON"
"894","0.0","0.27111219","1","同啟","false","同啟","PERSON"
"895","2.1874E-4","0.31746936","3","同啓","false","同啓","PERSON"
"896","2.0511E-4","0.31477819","12","合興","false","合興","PERSON"
"897","7.115E-5","0.28353271","5","司徒美堂","false","司徒美堂","PERSON"
"898","6.0E-7","0.26746699","3","司徒博","false","司徒博","PERSON"
"899","2.884E-5","0.27594749","6","右仁","false","右仁","PERSON"
"900","0.0","0.31283347","1","史量才","false","史量才","PERSON"
"901","3.831E-5","0.28942582","5","史密斯","false","史密斯","PERSON"
"902","3.1349E-4","0.33243808","2","台鑒","false","台鑒","PERSON"
"903","0.00298147","0.36405229","6","西康省臨時參議會","false","西康省臨時參議會","ORG"
"904","0.00298147","0.36405229","6","濟委會委","false","濟委會委","ORG"
"905","0.00298147","0.36405229","6","河南省驛運管理","false","河南省驛運管理","ORG"
"906","8.1E-7","0.26721036","3","可託","false","可託","PERSON"
"907","8.6588E-4","0.3652459","11","選部","false","選部","ORG"
"908","8.6588E-4","0.3652459","11","舉華","false","舉華","ORG"
"909","8.6588E-4","0.3652459","11","公共和界納稅華人會","false","公共和界納稅華人會","ORG"
"910","8.057E-5","0.31336146","4","叩篠","false","叩篠","PERSON"
"911","2.871E-5","0.29063397","3","古拔","false","古拔","PERSON"
"912","0.00160284","0.3638145","5","紹興七縣同鄉會","false","紹興七縣同鄉會","ORG"
"913","0.00822674","0.36741425","22","省政府","false","省政府","ORG"
"914","2.53E-6","0.26888728","2","叔範","false","叔範","PERSON"
"915","0.0","0.26811071","1","及孔","false","及孔","PERSON"
"916","7.29E-6","0.28897536","2","卿開","false","卿開","PERSON"
"917","2.898E-5","0.29033099","5","卿謝","false","卿謝","PERSON"
"918","3.985E-5","0.28942582","5","卿童","false","卿童","PERSON"
"919","4.309E-5","0.29292664","4","卿故","false","卿故","PERSON"
"920","0.0","0.28882551","1","卿戴","false","卿戴","PERSON"
"921","3.36E-6","0.28912536","2","卿孩","false","卿孩","PERSON"
"922","3.295E-5","0.2907857","4","卿嚴","false","卿嚴","PERSON"
"923","5.288E-5","0.27912804","5","卓宣謀","false","卓宣謀","PERSON"
"924","0.0","0.26901715","1","包賡","false","包賡","PERSON"
"925","9.45E-6","0.27243825","9","包振","false","包振","PERSON"
"926","1.444E-5","0.27884856","3","勞勃生","false","勞勃生","PERSON"
"927","5.9223E-4","0.33564327","10","功王","false","功王","PERSON"
"928","0.00253751","0.36693017","18","臨時參議會","false","臨時參議會","ORG"
"929","0.00253751","0.36693017","18","省境內蒙古民","false","省境內蒙古民","ORG"
"930","0.00253751","0.36693017","18","省境內蒙古各盟","false","省境內蒙古各盟","ORG"
"931","2.884E-5","0.27594749","6","力格","false","力格","PERSON"
"932","0.04646686","0.36985392","30","新光標準內衣染織整理廠股份有限公司","false","新光標準內衣染織整理廠股份有限公司","ORG"
"933","0.0","0.27006061","1","劍霞","false","劍霞","PERSON"
"934","2.898E-5","0.29033099","5","劍鋒者","false","劍鋒者","PERSON"
"935","1.4033E-4","0.3645288","8","蘇俄國立內分泌研究院","false","蘇俄國立內分泌研究院","ORG"
"936","1.4033E-4","0.3645288","8","美最時洋行","false","美最時洋行","ORG"
"937","1.4033E-4","0.3645288","8","泰信藥行","false","泰信藥行","ORG"
"938","0.00114865","0.36548556","12","中國科學社","false","中國科學社","ORG"
"939","9.0543E-4","0.3652459","11","設愛","false","設愛","ORG"
"940","9.0543E-4","0.3652459","11","眼科","false","眼科","ORG"
"941","9.0543E-4","0.3652459","11","益盛木行","false","益盛木行","ORG"
"942","9.0543E-4","0.3652459","11","專門醫院","false","專門醫院","ORG"
"943","0.01317051","0.38801811","81","劉鴻生","false","劉鴻生","PERSON"
"944","0.00174102","0.36668861","17","振綸絲廠","false","振綸絲廠","ORG"
"945","0.00174102","0.36668861","17","仁濟翳院","false","仁濟翳院","ORG"
"946","0.00174102","0.36668861","17","中國紅十字會","false","中國紅十字會","ORG"
"947","5.8173E-4","0.31656721","5","劉瑞恒","false","劉瑞恒","PERSON"
"948","8.54E-6","0.27870903","3","劉廣","false","劉廣","PERSON"
"949","8.54E-6","0.27870903","3","劉季","false","劉季","PERSON"
"950","1.34E-6","0.26914714","6","劉堯夫","false","劉堯夫","PERSON"
"951","3.3548E-4","0.36429039","7","難民救濟協","false","難民救濟協","ORG"
"952","3.3548E-4","0.36429039","7","社會局","false","社會局","ORG"
"953","8.0347E-4","0.32582626","10","劉善德","false","劉善德","PERSON"
"954","0.0","0.27635822","1","劉唐","false","劉唐","PERSON"
"955","7.981E-5","0.31477819","6","劉仲","false","劉仲","PERSON"
"956","0.0","0.27912804","1","劉世芳","false","劉世芳","PERSON"
"957","0.0","0.31283347","1","則王","false","則王","PERSON"
"958","1.031E-4","0.31495618","5","初虞","false","初虞","PERSON"
"959","4.6E-7","0.27243825","2","初林康","false","初林康","PERSON"
"960","4.6968E-4","0.33363282","3","凈王","false","凈王","PERSON"
"961","0.0","0.28882551","1","冾卿","false","冾卿","PERSON"
"962","1.738E-5","0.28912536","3","公監","false","公監","PERSON"
"963","2.31E-5","0.31371445","3","兪松","false","兪松","PERSON"
"964","9.2018E-4","0.33463503","14","兪斌祺","false","兪斌祺","PERSON"
"965","8.0896E-4","0.36548556","12","新亞血淸製廠造","false","新亞血淸製廠造","ORG"
"966","3.7943E-4","0.29231173","12","兪佐庭","false","兪佐庭","PERSON"
"967","1.1425E-4","0.2916994","9","兜安","false","兜安","PERSON"
"968","0.0","0.28882551","1","兒覽","false","兒覽","PERSON"
"969","0.0","0.27364284","1","兒玉","false","兒玉","PERSON"
"970","1.107E-5","0.27982919","6","克源","false","克源","PERSON"
"971","0.01988021","0.36620644","15","外交部","false","外交部","ORG"
"972","0.0","0.26811071","1","光炎","false","光炎","PERSON"
"973","7.115E-5","0.28353271","5","兆祥","false","兆祥","PERSON"
"974","0.0","0.27635822","1","兆生兩","false","兆生兩","PERSON"
"975","0.0","0.27512966","1","兄伯祥","false","兄伯祥","PERSON"
"976","0.00108735","0.36668861","17","飛利浦","false","飛利浦","ORG"
"977","0.00158585","0.3678996","22","裕興","false","裕興","ORG"
"978","0.00108735","0.36668861","17","福和公司","false","福和公司","ORG"
"979","0.00108735","0.36668861","17","漢口江漢關頒","false","漢口江漢關頒","ORG"
"980","0.00108735","0.36668861","17","康元製罐公司","false","康元製罐公司","ORG"
"981","0.00108735","0.36668861","17","大昌","false","大昌","ORG"
"982","0.00108735","0.36668861","17","培林公司","false","培林公司","ORG"
"983","0.00201602","0.36863005","25","國民大會","false","國民大會","ORG"
"984","0.0022897","0.36838624","27","交通銀行","false","交通銀行","ORG"
"985","0.00108735","0.36668861","17","中國銀行","false","中國銀行","ORG"
"986","0.00108735","0.36668861","17","上海維糧油餅業公會","false","上海維糧油餅業公會","ORG"
"987","2.0511E-4","0.31477819","12","元興","false","元興","PERSON"
"988","2.898E-5","0.29033099","5","元現","false","元現","PERSON"
"989","0.0","0.31283347","1","儒堂","false","儒堂","PERSON"
"990","4.6916E-4","0.32317958","2","傳雲","false","傳雲","PERSON"
"991","1.253E-5","0.27431667","5","傳汪","false","傳汪","PERSON"
"992","4.6916E-4","0.32317958","2","傅雲寶","false","傅雲寶","PERSON"
"993","0.00149186","0.3645288","8","華軍克","false","華軍克","ORG"
"994","0.0022126","0.36500655","11","華軍","false","華軍","ORG"
"995","0.00149186","0.3645288","8","聞振會","false","聞振會","ORG"
"996","0.00149186","0.3645288","8","救濟委員會","false","救濟委員會","ORG"
"997","3.491E-5","0.27649541","5","偕杜月","false","偕杜月","PERSON"
"998","8.072E-5","0.31371445","5","候陳","false","候陳","PERSON"
"999","2.1874E-4","0.31746936","3","俠汪","false","俠汪","PERSON"
"1000","0.02011681","0.37257525","48","經濟部","false","經濟部","ORG"
"1001","0.00119791","0.36548556","12","福康","false","福康","ORG"
"1002","0.00119791","0.36548556","12","太古公司","false","太古公司","ORG"
"1003","0.0135545","0.36985392","30","中央振濟委員會","false","中央振濟委員會","ORG"
"1004","0.0135545","0.36985392","30","中國兒童健康實騐站","false","中國兒童健康實騐站","ORG"
"1005","0.0135545","0.36985392","30","中國兒童健康實騐","false","中國兒童健康實騐","ORG"
"1006","5.7576E-4","0.28295657","8","俞鴻鈞","false","俞鴻鈞","PERSON"
"1007","3.374E-5","0.31389124","4","俞傳","false","俞傳","PERSON"
"1008","0.00129827","0.36500655","10","私立治中女子中學","false","私立治中女子中學","ORG"
"1009","0.00129827","0.36500655","10","滬大商學院","false","滬大商學院","ORG"
"1010","0.00129827","0.36500655","10","敎育部","false","敎育部","ORG"
"1011","0.00129827","0.36500655","10","敎育局","false","敎育局","ORG"
"1012","0.00129827","0.36500655","10","大德高級助產職業學校","false","大德高級助產職業學校","ORG"
"1013","0.00129827","0.36500655","10","上海市商業夜校","false","上海市商業夜校","ORG"
"1014","0.00205357","0.36405229","6","正中中學","false","正中中學","ORG"
"1015","0.00540639","0.37059215","33","美産科總分院","false","美産科總分院","ORG"
"1016","0.00540639","0.37059215","33","省立助産學校","false","省立助産學校","ORG"
"1017","0.00540639","0.37059215","33","無任公企","false","無任公企","ORG"
"1018","0.00540639","0.37059215","33","浙江省立醫藥專門學校","false","浙江省立醫藥專門學校","ORG"
"1019","0.00540639","0.37059215","33","東京女子專門醫學校","false","東京女子專門醫學校","ORG"
"1020","2.4469E-4","0.3652459","11","滬埠工","false","滬埠工","ORG"
"1021","2.4469E-4","0.3652459","11","國信銀行","false","國信銀行","ORG"
"1022","5.7713E-4","0.3652459","11","正威藥房","false","正威藥房","ORG"
"1023","5.7713E-4","0.3652459","11","中國公共汽車有限公司","false","中國公共汽車有限公司","ORG"
"1024","3.6867E-4","0.36500655","10","香港永安銀行有限公司","false","香港永安銀行有限公司","ORG"
"1025","3.6867E-4","0.36500655","10","香港德輔道","false","香港德輔道","ORG"
"1026","3.6867E-4","0.36500655","10","敦樂啓中國殯儀館股份有限公司","false","敦樂啓中國殯儀館股份有限公司","ORG"
"1027","3.6867E-4","0.36500655","10","兒童書局","false","兒童書局","ORG"
"1028","0.00153729","0.36644737","16","公平洋行","false","公平洋行","ORG"
"1029","4.7568E-4","0.3652459","11","董監會","false","董監會","ORG"
"1030","4.39E-4","0.36500655","10","張驥事務","false","張驥事務","ORG"
"1031","0.00104177","0.36548556","12","同仁醫藥房","false","同仁醫藥房","ORG"
"1032","5.2496E-4","0.36548556","12","中華勸工銀行","false","中華勸工銀行","ORG"
"1033","5.2053E-4","0.36500655","10","美商華納公司","false","美商華納公司","ORG"
"1034","0.01055665","0.3678996","22","上海慈善團體聯合救災會難民救濟分會","false","上海慈善團體聯合救災會難民救濟分會","ORG"
"1035","0.00395668","0.36985392","30","關醫院","false","關醫院","ORG"
"1036","0.00395668","0.36985392","30","產科","false","產科","ORG"
"1037","0.00105748","0.36548556","12","德國漢堡大學","false","德國漢堡大學","ORG"
"1038","0.00320613","0.3678996","22","泰康公司","false","泰康公司","ORG"
"1039","0.00320613","0.3678996","22","信孚化學製葯廠","false","信孚化學製葯廠","ORG"
"1040","2.3546E-4","0.36476752","9","長德國漢堡大學","false","長德國漢堡大學","ORG"
"1041","3.9906E-4","0.36500655","10","蘇浙行動委員會忠義救國軍第一縱隊","false","蘇浙行動委員會忠義救國軍第一縱隊","ORG"
"1042","0.00353756","0.36887417","26","美國永備公司","false","美國永備公司","ORG"
"1043","0.00574334","0.37009967","33","申新公司","false","申新公司","ORG"
"1044","0.00353756","0.36887417","26","上海中學","false","上海中學","ORG"
"1045","0.00191691","0.36596583","14","大公企業公司","false","大公企業公司","ORG"
"1046","7.6109E-4","0.36572554","13","兜安氏西藥公司","false","兜安氏西藥公司","ORG"
"1047","3.5448E-4","0.36572554","13","安氏西葯公司","false","安氏西葯公司","ORG"
"1048","0.00213498","0.36693017","18","上海難民救濟協會","false","上海難民救濟協會","ORG"
"1049","4.353E-4","0.3652459","11","亨得利鐘表總行","false","亨得利鐘表總行","ORG"
"1050","0.00235869","0.36741425","20","安氏西藥公司","false","安氏西藥公司","ORG"
"1051","4.5268E-4","0.36500655","10","中國廣生行","false","中國廣生行","ORG"
"1052","7.643E-4","0.3652459","11","安氏西药公司","false","安氏西药公司","ORG"
"1053","0.00120646","0.36668861","17","務印書館","false","務印書館","ORG"
"1054","7.643E-4","0.3652459","11","中國建業地產公司","false","中國建業地產公司","ORG"
"1055","7.643E-4","0.3652459","11","上海發行","false","上海發行","ORG"
"1056","5.9746E-4","0.3652459","11","惠羅公司","false","惠羅公司","ORG"
"1057","5.9746E-4","0.3652459","11","中西大藥房","false","中西大藥房","ORG"
"1058","0.00255729","0.36668861","18","鄉會","false","鄉會","ORG"
"1059","4.2683E-4","0.36620644","15","節約救難委員會","false","節約救難委員會","ORG"
"1060","4.2683E-4","0.36620644","15","廣東旅滬同鄉會","false","廣東旅滬同鄉會","ORG"
"1061","4.2683E-4","0.36620644","15","上海節約救難委員會","false","上海節約救難委員會","ORG"
"1062","9.774E-5","0.36476752","9","安利洋行","false","安利洋行","ORG"
"1063","0.00826369","0.36668861","19","三友實業社","false","三友實業社","ORG"
"1064","8.2689E-4","0.3652459","11","新星西藥","false","新星西藥","ORG"
"1065","8.2689E-4","0.3652459","11","中英大藥房","false","中英大藥房","ORG"
"1066","8.2689E-4","0.3652459","11","中國廣生行有限公司","false","中國廣生行有限公司","ORG"
"1067","7.307E-4","0.36548556","12","新亞製藥廠","false","新亞製藥廠","ORG"
"1068","6.5201E-4","0.3652459","11","上海兒科療","false","上海兒科療","ORG"
"1069","0.01276445","0.37635135","56","眼科專門醫院","false","眼科專門醫院","ORG"
"1070","0.0159223","0.38480138","84","俞佐庭","false","俞佐庭","PERSON"
"1071","4.6E-7","0.27243825","2","侯謝","false","侯謝","PERSON"
"1072","0.02189503","0.36814276","24","紅十字會","false","紅十字會","ORG"
"1073","0.0","0.26914714","1","侯代","false","侯代","PERSON"
"1074","9.0739E-4","0.36693017","18","華人會","false","華人會","ORG"
"1075","0.06235063","0.38176833","81","永安公司","false","永安公司","ORG"
"1076","0.0064268","0.37282463","42","新新公司","false","新新公司","ORG"
"1077","9.0739E-4","0.36693017","18","文實局","false","文實局","ORG"
"1078","9.0739E-4","0.36693017","18","政治部","false","政治部","ORG"
"1079","9.0739E-4","0.36693017","18","市民聨合會","false","市民聨合會","ORG"
"1080","9.0739E-4","0.36693017","20","卡爾登","false","卡爾登","ORG"
"1081","0.02642071","0.37660581","64","上海總商會","false","上海總商會","ORG"
"1082","9.0739E-4","0.36693017","18","上海地方協會","false","上海地方協會","ORG"
"1083","6.8512E-4","0.32697388","11","侄偉","false","侄偉","PERSON"
"1084","0.00447246","0.36887417","28","財政部","false","財政部","ORG"
"1085","0.00378948","0.36838624","24","羅期皇后船","false","羅期皇后船","ORG"
"1086","0.00378948","0.36838624","24","縣警察局","false","縣警察局","ORG"
"1087","0.00378948","0.36838624","24","昌興公司","false","昌興公司","ORG"
"1088","0.00378948","0.36838624","24","新華","false","新華","ORG"
"1089","0.00378948","0.36838624","24","南京商業儲蓄銀行","false","南京商業儲蓄銀行","ORG"
"1090","0.00378948","0.36838624","24","光華中學","false","光華中學","ORG"
"1091","0.00378948","0.36838624","24","中國醫學院","false","中國醫學院","ORG"
"1092","9.45E-6","0.27243825","9","作屏","false","作屏","PERSON"
"1093","0.0024263","0.36572554","13","海通社","false","海通社","ORG"
"1094","0.01779281","0.37483176","53","政府","false","政府","ORG"
"1095","0.00293165","0.36620644","17","快訊社","false","快訊社","ORG"
"1096","0.01337168","0.37282463","46","國民政府","false","國民政府","ORG"
"1097","0.0024263","0.36572554","13","中央政府","false","中央政府","ORG"
"1098","1.253E-5","0.27431667","5","佛海","false","佛海","PERSON"
"1099","2.31E-5","0.31371445","3","余芝卿","false","余芝卿","PERSON"
"1100","3.374E-5","0.31389124","4","余耀球","false","余耀球","PERSON"
"1101","0.00130017","0.3645288","8","麥倫中學","false","麥倫中學","ORG"
"1102","0.01836885","0.36985392","34","江海關","false","江海關","ORG"
"1103","0.00130017","0.3645288","8","啟秀女校","false","啟秀女校","ORG"
"1104","0.00130017","0.3645288","8","中華婦女互助","false","中華婦女互助","ORG"
"1105","0.00130017","0.3645288","8","上海職業界同人","false","上海職業界同人","ORG"
"1106","0.00130017","0.3645288","8","上海婦女團體","false","上海婦女團體","ORG"
"1107","0.00130017","0.3645288","8","上海各界聯誼社","false","上海各界聯誼社","ORG"
"1108","2.056E-5","0.27084853","7","何香","false","何香","PERSON"
"1109","0.02676169","0.36668861","17","香港水安公司","false","香港水安公司","ORG"
"1110","0.0","0.26836907","1","何棣生","false","何棣生","PERSON"
"1111","0.0056105","0.37182911","38","湖社","false","湖社","ORG"
"1112","0.0056105","0.37182911","38","埠湖社","false","埠湖社","ORG"
"1113","0.00938282","0.3733244","45","克利斯浦","false","克利斯浦","ORG"
"1114","3.374E-5","0.31389124","4","何杏園","false","何杏園","PERSON"
"1115","8.54E-6","0.27870903","3","何應欽","false","何應欽","PERSON"
"1116","5.9223E-4","0.33564327","10","何恒昌","false","何恒昌","PERSON"
"1117","0.00101148","0.33994507","5","何國治","false","何國治","PERSON"
"1118","0.01457384","0.37182911","42","滬江痔瘡醫院","false","滬江痔瘡醫院","ORG"
"1119","9.2857E-4","0.36500655","10","上海兒科療養院","false","上海兒科療養院","ORG"
"1120","0.0020984","0.3645288","8","華成烟公司","false","華成烟公司","ORG"
"1121","0.0020984","0.3645288","8","良材眼鏡公司","false","良材眼鏡公司","ORG"
"1122","0.0020984","0.3645288","8","中國華成烟草股份有限公司","false","中國華成烟草股份有限公司","ORG"
"1123","6.408E-4","0.31892356","6","何國器","false","何國器","PERSON"
"1124","0.01001424","0.3693634","28","號克美醫院","false","號克美醫院","ORG"
"1125","0.01666058","0.37407656","47","美產科醫院","false","美產科醫院","ORG"
"1126","4.6E-7","0.27243825","2","伯黃金","false","伯黃金","PERSON"
"1127","0.0","0.27512966","1","伯攸","false","伯攸","PERSON"
"1128","2.31E-5","0.31371445","3","伏維","false","伏維","PERSON"
"1129","0.00636024","0.36572554","13","中央振務委員會第九救濟區","false","中央振務委員會第九救濟區","ORG"
"1130","0.01238285","0.36985392","30","中央","false","中央","ORG"
"1131","1.44E-6","0.27019161","2","伊盟","false","伊盟","PERSON"
"1132","8.54E-6","0.27870903","3","企雲","false","企雲","PERSON"
"1133","0.00295701","0.36693017","18","錢兌業公會","false","錢兌業公會","ORG"
"1134","0.00295701","0.36693017","18","銀行公會","false","銀行公會","ORG"
"1135","0.00295701","0.36693017","18","謙泰銀行","false","謙泰銀行","ORG"
"1136","0.00295701","0.36693017","18","泰商業銀行","false","泰商業銀行","ORG"
"1137","0.00295701","0.36693017","18","正明銀行","false","正明銀行","ORG"
"1138","0.00295701","0.36693017","18","廉泰錢","false","廉泰錢","ORG"
"1139","1.34E-6","0.26914714","6","仕勤率","false","仕勤率","PERSON"
"1140","0.0","0.28882551","1","仁啓","false","仁啓","PERSON"
"1141","9.5077E-4","0.36572554","13","阿墨林藥膏","false","阿墨林藥膏","ORG"
"1142","2.3363E-4","0.29746328","4","亮察","false","亮察","PERSON"
"1143","1.963E-5","0.2904824","2","乾泰祥","false","乾泰祥","PERSON"
"1144","9.6658E-4","0.36500655","10","英政府","false","英政府","ORG"
"1145","9.6658E-4","0.36500655","10","英下院","false","英下院","ORG"
"1146","0.05914632","0.38707436","98","紅軍","false","紅軍","ORG"
"1147","9.6658E-4","0.36500655","10","立僑靑","false","立僑靑","ORG"
"1148","7.115E-5","0.28353271","5","乘哈菽邇","false","乘哈菽邇","PERSON"
"1149","0.01534384","0.37307435","49","行政院","false","行政院","ORG"
"1150","0.00116582","0.3652459","11","聯席","false","聯席","ORG"
"1151","0.00116582","0.3652459","11","牛署","false","牛署","ORG"
"1152","0.00116582","0.3652459","11","滬改辦事","false","滬改辦事","ORG"
"1153","0.00116582","0.3652459","11","海防辦事處","false","海防辦事處","ORG"
"1154","0.02959132","0.37737127","60","百昌行","false","百昌行","ORG"
"1155","0.01404064","0.37282463","42","星報","false","星報","ORG"
"1156","0.04037495","0.38098495","77","日軍","false","日軍","ORG"
"1157","3.4951E-4","0.28454662","8","世英","false","世英","PERSON"
"1158","0.00150761","0.36668861","17","美産科總分醫院","false","美産科總分醫院","ORG"
"1159","0.00150761","0.36668861","17","漢堡大學","false","漢堡大學","ORG"
"1160","0.00150761","0.36668861","17","上海國際救濟會","false","上海國際救濟會","ORG"
"1161","1.031E-4","0.31495618","5","世昌","false","世昌","PERSON"
"1162","0.0020101","0.36741425","20","新亞血淸廠","false","新亞血淸廠","ORG"
"1163","0.00217487","0.36765677","21","新亞化學製藥股份有限公司","false","新亞化學製藥股份有限公司","ORG"
"1164","0.00835742","0.3733244","46","大新公司","false","大新公司","ORG"
"1165","4.309E-5","0.29292664","4","丁虹","false","丁虹","PERSON"
"1166","0.00153021","0.36668861","17","福成","false","福成","ORG"
"1167","0.00153021","0.36668861","17","特二法院","false","特二法院","ORG"
"1168","0.00153021","0.36668861","17","榮昌橡皮公司","false","榮昌橡皮公司","ORG"
"1169","0.0036057","0.36863005","25","大豐","false","大豐","ORG"
"1170","8.072E-5","0.31371445","5","丁福","false","丁福","PERSON"
"1171","0.00346738","0.3693634","28","選青眼科專門醫院","false","選青眼科專門醫院","ORG"
"1172","0.00178814","0.36741425","20","衛生局","false","衛生局","ORG"
"1173","5.5958E-4","0.36644737","16","滬江大學","false","滬江大學","ORG"
"1174","5.5958E-4","0.36644737","16","持志大學","false","持志大學","ORG"
"1175","5.5958E-4","0.36644737","16","恩派亞","false","恩派亞","ORG"
"1176","0.01062173","0.37307435","43","復旦大學","false","復旦大學","ORG"
"1177","5.5958E-4","0.36644737","16","大夏","false","大夏","ORG"
"1178","5.5958E-4","0.36644737","16","咪吔洋行","false","咪吔洋行","ORG"
"1179","0.03173623","0.37942779","68","青眼科專門醫院","false","青眼科專門醫院","ORG"
"1180","0.00135228","0.36620644","15","濟華醫院","false","濟華醫院","ORG"
"1181","0.10520946","0.40597668","164","八角總院","false","八角總院","ORG"
"1182","0.00130427","0.3391172","14","丁濟萬","false","丁濟萬","PERSON"
"1183","0.01526143","0.37762712","61","福特","false","福特","ORG"
"1184","0.25865906","0.45506536","336","工部局","false","工部局","ORG"
"1185","0.0124385","0.37686062","58","上海市潮糖雜貨業同業公會整理委員會","false","上海市潮糖雜貨業同業公會整理委員會","ORG"
"1186","2.31E-5","0.31371445","3","丁濟","false","丁濟","PERSON"
