id,Type,mc1Degree,mc1Degree_norm,mc1Eig,mc1Betw,mc1Close
魯麟洋行,ORG,72,0.13872832369942195,0.1938145581986226,17168.29138221081,7.462686567164179e-4
吳少牧,PERSON,4,0.007707129094412331,0.026551091526556523,21.524811545523633,5.399568034557236e-4
吳笠農,PERSON,1,0.0019267822736030828,0.012324030073817074,0,5.382131324004305e-4
張柄樞,PERSON,6,0.011560693641618497,0.04014524094180863,73.17951323487104,5.47645125958379e-4
司馬飭差,PERSON,1,0.0019267822736030828,0.012324030073817088,0,5.382131324004305e-4
司馬升堂,PERSON,1,0.0019267822736030828,0.012324030073817088,0,5.382131324004305e-4
虞金端,PERSON,1,0.0019267822736030828,0.012324030073817075,0,5.382131324004305e-4
鎭江森,PERSON,1,0.0019267822736030828,0.012324030073817077,0,5.382131324004305e-4
甬和顯,PERSON,1,0.0019267822736030828,0.012324030073817088,0,5.382131324004305e-4
豐裕洋行,ORG,10,0.019267822736030827,0.07768412016608947,1387.608923999679,6.830601092896175e-4
控廣大莊,ORG,10,0.019267822736030827,0.07768412016608942,1387.608923999679,6.830601092896175e-4
高彤賓,PERSON,3,0.005780346820809248,0.014819032823175891,0.30000000000000004,5.055611729019212e-4
翁笠漁,PERSON,17,0.03275529865125241,0.10315146086031014,1120.6309078748268,5.861664712778429e-4
侯魯公,PERSON,3,0.005780346820809248,0.014819032823175895,0.30000000000000004,5.055611729019212e-4
長豐興,ORG,10,0.019267822736030827,0.07768412016608943,1387.608923999679,6.830601092896175e-4
周少卿,PERSON,3,0.005780346820809248,0.014819032823175895,0.30000000000000004,5.055611729019212e-4
唐幼卿,PERSON,3,0.005780346820809248,0.0148190328231759,0.30000000000000004,5.055611729019212e-4
俞錦堂,PERSON,3,0.005780346820809248,0.014819032823175895,0.30000000000000004,5.055611729019212e-4
林韻笙,PERSON,3,0.005780346820809248,0.01481903282317589,0.30000000000000004,5.055611729019212e-4
廣大,PERSON,3,0.005780346820809248,0.014819032823175895,0.30000000000000004,5.055611729019212e-4
徐耕心,PERSON,3,0.005780346820809248,0.014819032823175904,0.30000000000000004,5.055611729019212e-4
福和祥,ORG,7,0.01348747591522158,0.07458089638457843,554.524721171115,6.802721088435374e-4
笠農,PERSON,4,0.007707129094412331,0.026551091526556523,21.524811545523633,5.399568034557236e-4
森和錢莊,ORG,7,0.01348747591522158,0.07458089638457849,554.524721171115,6.802721088435374e-4
少牧,PERSON,4,0.007707129094412331,0.02655109152655653,21.524811545523633,5.399568034557236e-4
虞向,PERSON,4,0.007707129094412331,0.026551091526556533,21.524811545523633,5.399568034557236e-4
英美租界公堂,ORG,7,0.01348747591522158,0.07458089638457846,554.524721171115,6.802721088435374e-4
司馬准之,PERSON,4,0.007707129094412331,0.02655109152655653,21.524811545523633,5.399568034557236e-4
李氏求,PERSON,4,0.007707129094412331,0.027829504862639264,14.194846673794046,5.399568034557236e-4
五明府,ORG,11,0.02119460500963391,0.0812825763394852,984.4479069405526,6.839945280437756e-4
求如,PERSON,4,0.007707129094412331,0.027829504862639253,14.194846673794046,5.399568034557236e-4
通藝閣,ORG,11,0.02119460500963391,0.0812825763394852,984.4479069405526,6.839945280437756e-4
吕宋,PERSON,4,0.007707129094412331,0.02782950486263926,14.194846673794046,5.399568034557236e-4
惇裕,PERSON,4,0.007707129094412331,0.027829504862639277,14.194846673794046,5.399568034557236e-4
謝慶麟,PERSON,4,0.007707129094412331,0.027829504862639253,14.194846673794046,5.399568034557236e-4
朱高氏求,PERSON,4,0.007707129094412331,0.02782950486263928,14.194846673794046,5.399568034557236e-4
邵仁,PERSON,4,0.007707129094412331,0.027829504862639253,14.194846673794046,5.399568034557236e-4
震昌仁,PERSON,4,0.007707129094412331,0.027829504862639246,14.194846673794046,5.399568034557236e-4
黄佐卿,PERSON,4,0.007707129094412331,0.027829504862639243,14.194846673794046,5.399568034557236e-4
吳愼甫,PERSON,4,0.007707129094412331,0.027829504862639236,14.194846673794046,5.399568034557236e-4
仁濟善堂,ORG,11,0.02119460500963391,0.08128257633948524,984.4479069405526,6.839945280437756e-4
陳卿恩,PERSON,2,0.0038535645472061657,0.01676883405808297,14.244273270589057,5.387931034482759e-4
司馬,PERSON,12,0.023121387283236993,0.08254047492830158,1414.6188065479769,5.807200929152149e-4
絲業僵館籌賑公,ORG,3,0.005780346820809248,0.06990146204853848,220.8828374767585,6.765899864682003e-4
葉澄衷,PERSON,1,0.0019267822736030828,0.012324030073817084,0,5.382131324004305e-4
朱葆三,PERSON,4,0.007707129094412331,0.020508832609984852,94.60711601300646,5.302226935312832e-4
李能,PERSON,3,0.005780346820809248,0.020576965852655428,38.50074370074368,5.393743257820927e-4
投本管領事署,ORG,2,0.0038535645472061657,0.06489513139112836,126.28888947873881,6.756756756756757e-4
克納貝,PERSON,1,0.0019267822736030828,0.012324030073817091,0,5.382131324004305e-4
王欣甫,PERSON,2,0.0038535645472061657,0.016631223441541422,178.5229544407696,5.44069640914037e-4
愛司可,PERSON,1,0.0019267822736030828,0.0072954006156214744,0,5.252100840336134e-4
周生友,PERSON,1,0.0019267822736030828,0.007295400615621483,0,5.252100840336134e-4
汪瑤庭,PERSON,1,0.0019267822736030828,0.007295400615621486,0,5.252100840336134e-4
沈仲禮,PERSON,1,0.0019267822736030828,0.007295400615621475,0,5.252100840336134e-4
蘇寳森,PERSON,1,0.0019267822736030828,0.00729540061562147,0,5.252100840336134e-4
周金箴,PERSON,2,0.0038535645472061657,0.009231339165519931,1259.267409857943,5.359056806002144e-4
嚴筱舫,PERSON,1,0.0019267822736030828,0.007295400615621473,0,5.252100840336134e-4
周玉山,PERSON,1,0.0019267822736030828,0.007295400615621473,0,5.252100840336134e-4
商務局,ORG,33,0.06358381502890173,0.11473153170914774,9064.122189114703,7.215007215007215e-4
蘇松,PERSON,5,0.009633911368015413,0.039108908486910475,232.0989001903263,5.694760820045558e-4
袁海觀,PERSON,1,0.0019267822736030828,0.007295400615621484,0,5.252100840336134e-4
劉鎭軍,PERSON,1,0.0019267822736030828,0.0072954006156214874,0,5.252100840336134e-4
徐安甫,PERSON,8,0.015414258188824663,0.05458449325979074,149.79028293065554,5.518763796909492e-4
周照桂,PERSON,8,0.015414258188824663,0.05458449325979075,149.79028293065554,5.518763796909492e-4
徐供,PERSON,6,0.011560693641618497,0.04161974865992635,78.36059589478488,5.44069640914037e-4
徐文明,PERSON,2,0.0038535645472061657,0.01835178910476093,4.3449222248912625,5.387931034482759e-4
鄒金生,PERSON,10,0.019267822736030827,0.06840462707301971,437.778707382163,5.76036866359447e-4
美孚棧,ORG,11,0.02119460500963391,0.0947958944040689,968.7568834493748,6.839945280437756e-4
魯麟洋,PERSON,5,0.009633911368015413,0.03921363292004042,240.61115800326223,5.694760820045558e-4
安甫,PERSON,2,0.0038535645472061657,0.018351789104760912,4.3449222248912625,5.387931034482759e-4
虞始遵,PERSON,2,0.0038535645472061657,0.018351789104760905,4.3449222248912625,5.387931034482759e-4
領事署,ORG,6,0.011560693641618497,0.07834892313220555,346.7773742154745,6.793478260869565e-4
鴻利煤油公司,ORG,6,0.011560693641618497,0.07834892313220553,346.7773742154745,6.793478260869565e-4
王益甫,PERSON,5,0.009633911368015413,0.0322518310379316,32.79916854731095,5.405405405405405e-4
陳仰軒,PERSON,5,0.009633911368015413,0.03225183103793157,32.79916854731095,5.405405405405405e-4
陳子良,PERSON,5,0.009633911368015413,0.032251831037931604,32.79916854731095,5.405405405405405e-4
陳思卿,PERSON,5,0.009633911368015413,0.0322518310379316,32.79916854731095,5.405405405405405e-4
英界公,ORG,6,0.011560693641618497,0.07834892313220551,346.7773742154745,6.793478260869565e-4
鴻利公司,ORG,6,0.011560693641618497,0.07834892313220546,346.7773742154745,6.793478260869565e-4
鄒金牛,PERSON,3,0.005780346820809248,0.025918179489069156,28.60910373982527,5.458515283842794e-4
洪裕莊,ORG,26,0.05009633911368015,0.1206402224213496,3537.7324752003715,6.983240223463687e-4
何立標,PERSON,9,0.017341040462427744,0.062148120362149756,386.52542857054493,5.720823798627002e-4
陸春江,PERSON,3,0.005780346820809248,0.025918179489069167,28.60910373982527,5.458515283842794e-4
余晉珊,PERSON,3,0.005780346820809248,0.02591817948906916,28.60910373982527,5.458515283842794e-4
英美租界公廨,ORG,10,0.019267822736030827,0.09314893966457961,691.508950828377,6.830601092896175e-4
外務部,ORG,23,0.04431599229287091,0.07768019748436071,5482.743464070911,6.954102920723226e-4
北京外務部,ORG,23,0.04431599229287091,0.07768019748436072,5482.743464070911,6.954102920723226e-4
王爺中堂,PERSON,2,0.0038535645472061657,0.009878856354600877,0.043478260869565216,5.117707267144319e-4
孫廷翰,PERSON,2,0.0038535645472061657,0.009878856354600868,0.043478260869565216,5.117707267144319e-4
沈衞,PERSON,2,0.0038535645472061657,0.00987885635460087,0.043478260869565216,5.117707267144319e-4
張元濟,PERSON,2,0.0038535645472061657,0.009878856354600873,0.043478260869565216,5.117707267144319e-4
汪康年,PERSON,2,0.0038535645472061657,0.00987885635460087,0.043478260869565216,5.117707267144319e-4
何燏時,PERSON,2,0.0038535645472061657,0.009878856354600868,0.043478260869565216,5.117707267144319e-4
王存善,PERSON,2,0.0038535645472061657,0.009878856354600877,0.043478260869565216,5.117707267144319e-4
沈敦和,PERSON,2,0.0038535645472061657,0.009878856354600877,0.043478260869565216,5.117707267144319e-4
嚴信厚,PERSON,2,0.0038535645472061657,0.009878856354600866,0.043478260869565216,5.117707267144319e-4
龐元濟,PERSON,2,0.0038535645472061657,0.009878856354600873,0.043478260869565216,5.117707267144319e-4
李厚祐,PERSON,2,0.0038535645472061657,0.009878856354600863,0.043478260869565216,5.117707267144319e-4
施則敬,PERSON,2,0.0038535645472061657,0.009878856354600877,0.043478260869565216,5.117707267144319e-4
周晉鑣,PERSON,2,0.0038535645472061657,0.009878856354600877,0.043478260869565216,5.117707267144319e-4
沈能虎,PERSON,2,0.0038535645472061657,0.009878856354600868,0.043478260869565216,5.117707267144319e-4
徐爾榖,PERSON,2,0.0038535645472061657,0.009878856354600885,0.043478260869565216,5.117707267144319e-4
夏曾佑,PERSON,2,0.0038535645472061657,0.009878856354600877,0.043478260869565216,5.117707267144319e-4
朱佩珍,PERSON,3,0.005780346820809248,0.014186049722325227,111.21014492753622,5.17063081695967e-4
張美翊,PERSON,2,0.0038535645472061657,0.009878856354600866,0.043478260869565216,5.117707267144319e-4
謝絅輝,PERSON,2,0.0038535645472061657,0.009878856354600877,0.043478260869565216,5.117707267144319e-4
樊棻,PERSON,2,0.0038535645472061657,0.009878856354600873,0.043478260869565216,5.117707267144319e-4
徐棠,PERSON,2,0.0038535645472061657,0.009878856354600868,0.043478260869565216,5.117707267144319e-4
孫思敬,PERSON,2,0.0038535645472061657,0.009878856354600873,0.043478260869565216,5.117707267144319e-4
工部局,ORG,17,0.03275529865125241,0.03044564744656127,5305.527677771828,4.3821209465381246e-4
木突生,PERSON,3,0.005780346820809248,0.005623580759779703,4.184399551066217,3.57653791130186e-4
商政公,ORG,9,0.017341040462427744,0.028996957221857824,1191.6126721791884,4.233700254022015e-4
商政公會,ORG,9,0.017341040462427744,0.02899695722185782,1191.6126721791884,4.233700254022015e-4
安德生,PERSON,3,0.005780346820809248,0.005623580759779707,4.184399551066217,3.57653791130186e-4
濮蘭德,PERSON,12,0.023121387283236993,0.4110336469051846,7764.395031248268,5.376344086021505e-4
周金,PERSON,3,0.005780346820809248,0.005623580759779708,4.184399551066217,3.57653791130186e-4
周玉帥,PERSON,3,0.005780346820809248,0.005623580759779704,4.184399551066217,3.57653791130186e-4
玉帥,PERSON,3,0.005780346820809248,0.005623580759779712,4.184399551066217,3.57653791130186e-4
司馬金,PERSON,3,0.005780346820809248,0.005623580759779714,4.184399551066217,3.57653791130186e-4
啓者,PERSON,3,0.005780346820809248,0.005623580759779712,4.184399551066217,3.57653791130186e-4
郭思普,PERSON,4,0.007707129094412331,0.0245076679298281,0.30000000000000004,5.112474437627812e-4
吳少芳,PERSON,4,0.007707129094412331,0.024507667929828097,0.30000000000000004,5.112474437627812e-4
鮑奎臣,PERSON,4,0.007707129094412331,0.024507667929828118,0.30000000000000004,5.112474437627812e-4
同裕公,PERSON,4,0.007707129094412331,0.024507667929828107,0.30000000000000004,5.112474437627812e-4
章武,PERSON,4,0.007707129094412331,0.024507667929828086,0.30000000000000004,5.112474437627812e-4
王順發,PERSON,4,0.007707129094412331,0.024507667929828097,0.30000000000000004,5.112474437627812e-4
養亷軒,ORG,20,0.038535645472061654,0.09635530755458056,2313.2100761219713,6.925207756232687e-4
芝蘭軒,ORG,20,0.038535645472061654,0.09635530755458051,2313.2100761219713,6.925207756232687e-4
李觀恩,PERSON,4,0.007707129094412331,0.02450766792982809,0.30000000000000004,5.112474437627812e-4
張福旺,PERSON,4,0.007707129094412331,0.024507667929828118,0.30000000000000004,5.112474437627812e-4
李思義,PERSON,4,0.007707129094412331,0.024507667929828083,0.30000000000000004,5.112474437627812e-4
鄭譁棠,PERSON,4,0.007707129094412331,0.024507667929828076,0.30000000000000004,5.112474437627812e-4
永泰棧,ORG,20,0.038535645472061654,0.09635530755458047,2313.2100761219713,6.925207756232687e-4
林葆初,PERSON,4,0.007707129094412331,0.0245076679298281,0.30000000000000004,5.112474437627812e-4
鄭炳旂,PERSON,4,0.007707129094412331,0.0245076679298281,0.30000000000000004,5.112474437627812e-4
聿修堂,ORG,20,0.038535645472061654,0.09635530755458048,2313.2100761219713,6.925207756232687e-4
姜忠,PERSON,4,0.007707129094412331,0.02450766792982809,0.30000000000000004,5.112474437627812e-4
蔡湘林,PERSON,4,0.007707129094412331,0.024507667929828083,0.30000000000000004,5.112474437627812e-4
蔡永釗,PERSON,4,0.007707129094412331,0.024507667929828083,0.30000000000000004,5.112474437627812e-4
施蘭圃,PERSON,4,0.007707129094412331,0.024507667929828104,0.30000000000000004,5.112474437627812e-4
徐斐然,PERSON,4,0.007707129094412331,0.024507667929828086,0.30000000000000004,5.112474437627812e-4
屈冠雲,PERSON,4,0.007707129094412331,0.02450766792982811,0.30000000000000004,5.112474437627812e-4
協吉煤油,ORG,10,0.019267822736030827,0.08325056912411646,1155.5265555186802,6.830601092896175e-4
周金生,PERSON,6,0.011560693641618497,0.04303435676649467,68.46732663522576,5.47645125958379e-4
翁立漁,PERSON,6,0.011560693641618497,0.043034356766494676,68.46732663522576,5.47645125958379e-4
周不,PERSON,2,0.0038535645472061657,0.012964744599864407,0.9799998473911515,5.13347022587269e-4
徐安,PERSON,2,0.0038535645472061657,0.012964744599864398,0.9799998473911515,5.13347022587269e-4
王永恒,PERSON,2,0.0038535645472061657,0.012964744599864407,0.9799998473911515,5.13347022587269e-4
高耀山,PERSON,2,0.0038535645472061657,0.012964744599864396,0.9799998473911515,5.13347022587269e-4
張顧,PERSON,1,0.0019267822736030828,0.012324030073817086,0,5.382131324004305e-4
張照大,PERSON,1,0.0019267822736030828,0.0123240300738171,0,5.382131324004305e-4
張供偶,PERSON,1,0.0019267822736030828,0.01232403007381709,0,5.382131324004305e-4
朱阿高,PERSON,2,0.0038535645472061657,0.016698575255063835,138.6332088963668,5.44069640914037e-4
戎玉卿,PERSON,1,0.0019267822736030828,0.012324030073817079,0,5.382131324004305e-4
田寳生,PERSON,1,0.0019267822736030828,0.012324030073817091,0,5.382131324004305e-4
王渭泉,PERSON,1,0.0019267822736030828,0.012324030073817079,0,5.382131324004305e-4
王供,PERSON,1,0.0019267822736030828,0.01232403007381709,0,5.382131324004305e-4
山東帮,ORG,14,0.02697495183044316,0.07105652816438411,3321.4999999999995,6.868131868131869e-4
毘陵子,PERSON,2,0.0038535645472061657,0.009036501676426957,0.07142857142857142,5.070993914807302e-4
吳積,PERSON,2,0.0038535645472061657,0.009036501676426946,0.07142857142857142,5.070993914807302e-4
陳子,PERSON,2,0.0038535645472061657,0.009036501676426953,0.07142857142857142,5.070993914807302e-4
守愚子,PERSON,2,0.0038535645472061657,0.009036501676426953,0.07142857142857142,5.070993914807302e-4
姚鳳生,PERSON,2,0.0038535645472061657,0.009036501676426948,0.07142857142857142,5.070993914807302e-4
王謹度,PERSON,2,0.0038535645472061657,0.009036501676426953,0.07142857142857142,5.070993914807302e-4
紹遂昌縣署兵部,ORG,14,0.02697495183044316,0.07105652816438413,3321.4999999999995,6.868131868131869e-4
甬夢,PERSON,2,0.0038535645472061657,0.00903650167642695,0.07142857142857142,5.070993914807302e-4
張丁,PERSON,2,0.0038535645472061657,0.009036501676426955,0.07142857142857142,5.070993914807302e-4
林馥記,PERSON,2,0.0038535645472061657,0.00903650167642695,0.07142857142857142,5.070993914807302e-4
力棉,PERSON,2,0.0038535645472061657,0.009036501676426946,0.07142857142857142,5.070993914807302e-4
悔過,PERSON,2,0.0038535645472061657,0.009036501676426946,0.07142857142857142,5.070993914807302e-4
俞煖,PERSON,2,0.0038535645472061657,0.009036501676426946,0.07142857142857142,5.070993914807302e-4
丹田子,PERSON,2,0.0038535645472061657,0.009036501676426953,0.07142857142857142,5.070993914807302e-4
吳九臯,PERSON,6,0.011560693641618497,0.036736661124607314,0.9999999999999999,5.096839959225281e-4
吳翔初,PERSON,6,0.011560693641618497,0.03673666112460731,0.9999999999999999,5.096839959225281e-4
沙巿,PERSON,6,0.011560693641618497,0.0367366611246073,0.9999999999999999,5.096839959225281e-4
繆清翁,PERSON,6,0.011560693641618497,0.03673666112460731,0.9999999999999999,5.096839959225281e-4
繆清華,PERSON,6,0.011560693641618497,0.036736661124607335,0.9999999999999999,5.096839959225281e-4
湯紹聞,PERSON,6,0.011560693641618497,0.0367366611246073,0.9999999999999999,5.096839959225281e-4
無名謙,PERSON,6,0.011560693641618497,0.036736661124607314,0.9999999999999999,5.096839959225281e-4
鄭詠卿,PERSON,6,0.011560693641618497,0.03673666112460732,0.9999999999999999,5.096839959225281e-4
仁德堂,ORG,15,0.028901734104046242,0.0962901975910896,1181.833333333336,6.87757909215956e-4
樹德堂,ORG,15,0.028901734104046242,0.09629019759108974,1181.833333333336,6.87757909215956e-4
廣仁莊,ORG,15,0.028901734104046242,0.09629019759108971,1181.833333333336,6.87757909215956e-4
申泰,PERSON,6,0.011560693641618497,0.036736661124607314,0.9999999999999999,5.096839959225281e-4
紀小亭,PERSON,6,0.011560693641618497,0.03673666112460732,0.9999999999999999,5.096839959225281e-4
豫豐莊,ORG,15,0.028901734104046242,0.09629019759108964,1181.833333333336,6.87757909215956e-4
老恊森,PERSON,6,0.011560693641618497,0.03673666112460731,0.9999999999999999,5.096839959225281e-4
冬心齋,ORG,15,0.028901734104046242,0.09629019759108969,1181.833333333336,6.87757909215956e-4
畢志成,PERSON,6,0.011560693641618497,0.03673666112460734,0.9999999999999999,5.096839959225281e-4
徐子棟,PERSON,6,0.011560693641618497,0.036736661124607335,0.9999999999999999,5.096839959225281e-4
莫名,PERSON,6,0.011560693641618497,0.036736661124607314,0.9999999999999999,5.096839959225281e-4
同仁永善司,ORG,15,0.028901734104046242,0.09629019759108969,1181.833333333336,6.87757909215956e-4
潘芸笙,PERSON,1,0.0019267822736030828,0.004307193367724349,0,5.05050505050505e-4
藍雲峯,PERSON,1,0.0019267822736030828,0.00430719336772435,0,5.05050505050505e-4
張縵雲,PERSON,1,0.0019267822736030828,0.00430719336772435,0,5.05050505050505e-4
和寅,PERSON,1,0.0019267822736030828,0.004307193367724347,0,5.05050505050505e-4
吳淞司,ORG,11,0.02119460500963391,0.06773732087972519,4467.6447104669305,6.839945280437756e-4
沈韻箎,PERSON,1,0.0019267822736030828,0.004307193367724348,0,5.05050505050505e-4
葉松卿,PERSON,1,0.0019267822736030828,0.0043071933677243475,0,5.05050505050505e-4
宋仲蘧,PERSON,1,0.0019267822736030828,0.004307193367724351,0,5.05050505050505e-4
濟楚,PERSON,1,0.0019267822736030828,0.0043071933677243475,0,5.05050505050505e-4
王錫蕃,PERSON,6,0.011560693641618497,0.03673666112460735,0.9999999999999999,5.096839959225281e-4
文宗,PERSON,6,0.011560693641618497,0.03673666112460734,0.9999999999999999,5.096839959225281e-4
喇伯,PERSON,6,0.011560693641618497,0.03673666112460732,0.9999999999999999,5.096839959225281e-4
蘇烈,PERSON,6,0.011560693641618497,0.036736661124607314,0.9999999999999999,5.096839959225281e-4
滬南砲隊,ORG,15,0.028901734104046242,0.09629019759108962,1181.8333333333285,6.87757909215956e-4
奉製造局,ORG,15,0.028901734104046242,0.09629019759108963,1181.8333333333285,6.87757909215956e-4
魏觀察,PERSON,6,0.011560693641618497,0.03673666112460731,0.9999999999999999,5.096839959225281e-4
闊雷明,PERSON,6,0.011560693641618497,0.03673666112460732,0.9999999999999999,5.096839959225281e-4
袁觀察,PERSON,6,0.011560693641618497,0.03673666112460732,0.9999999999999999,5.096839959225281e-4
潘德順,ORG,15,0.028901734104046242,0.09629019759108963,1181.8333333333285,6.87757909215956e-4
廣豐米店,ORG,15,0.028901734104046242,0.09629019759108966,1181.8333333333285,6.87757909215956e-4
五豐藥行,ORG,15,0.028901734104046242,0.09629019759108963,1181.8333333333285,6.87757909215956e-4
汪大令,PERSON,6,0.011560693641618497,0.036736661124607314,0.9999999999999999,5.096839959225281e-4
黄勝延,PERSON,6,0.011560693641618497,0.03673666112460733,0.9999999999999999,5.096839959225281e-4
華洋藥房,ORG,15,0.028901734104046242,0.09629019759108964,1181.8333333333285,6.87757909215956e-4
黄德馨,PERSON,6,0.011560693641618497,0.03673666112460733,0.9999999999999999,5.096839959225281e-4
麥令豪,PERSON,6,0.011560693641618497,0.03673666112460731,0.9999999999999999,5.096839959225281e-4
海格思馬提,PERSON,6,0.011560693641618497,0.036736661124607314,0.9999999999999999,5.096839959225281e-4
英美租界,ORG,13,0.025048169556840076,0.09271321629303907,1245.1925544982153,6.858710562414266e-4
憲陸,PERSON,3,0.005780346820809248,0.020861843815279456,17.941718383499605,5.336179295624333e-4
春江,PERSON,3,0.005780346820809248,0.02086184381527945,17.941718383499605,5.336179295624333e-4
戴子邁,PERSON,3,0.005780346820809248,0.02086184381527946,17.941718383499605,5.336179295624333e-4
吳端甫,PERSON,3,0.005780346820809248,0.020861843815279467,17.941718383499605,5.336179295624333e-4
同康,PERSON,3,0.005780346820809248,0.02086184381527946,17.941718383499605,5.336179295624333e-4
屠存杰,PERSON,3,0.005780346820809248,0.020861843815279463,17.941718383499605,5.336179295624333e-4
蔡批云,PERSON,3,0.005780346820809248,0.020861843815279463,17.941718383499605,5.336179295624333e-4
仁濟醫院,ORG,7,0.01348747591522158,0.07206319088105764,737.7864603099702,6.802721088435374e-4
招商局,ORG,7,0.01348747591522158,0.07206319088105767,737.7864603099702,6.802721088435374e-4
張有富,PERSON,3,0.005780346820809248,0.02148855249037607,14.292734893693977,5.393743257820927e-4
王德桂,PERSON,3,0.005780346820809248,0.021488552490376078,14.292734893693977,5.393743257820927e-4
張雨亭,PERSON,3,0.005780346820809248,0.021488552490376074,14.292734893693977,5.393743257820927e-4
陳阿金,PERSON,3,0.005780346820809248,0.02148855249037607,14.292734893693977,5.393743257820927e-4
秦少卿,PERSON,4,0.007707129094412331,0.02586309767162285,177.43388029799732,5.452562704471102e-4
李雲山,PERSON,3,0.005780346820809248,0.021488552490376074,14.292734893693977,5.393743257820927e-4
美最時洋行,ORG,11,0.02119460500963391,0.09148122153135577,866.7198574415562,6.839945280437756e-4
徐文述,PERSON,4,0.007707129094412331,0.023267959555165467,0.5454545454545454,5.065856129685917e-4
南順記,ORG,11,0.02119460500963391,0.09148122153135581,866.7198574415562,6.839945280437756e-4
魯鱗洋行,ORG,11,0.02119460500963391,0.0914812215313558,866.7198574415562,6.839945280437756e-4
美最時行,ORG,11,0.02119460500963391,0.09148122153135578,866.7198574415562,6.839945280437756e-4
竇如海,PERSON,4,0.007707129094412331,0.023267959555165463,0.5454545454545454,5.065856129685917e-4
秦阿德,PERSON,4,0.007707129094412331,0.023267959555165457,0.5454545454545454,5.065856129685917e-4
陳慶生,PERSON,4,0.007707129094412331,0.023267959555165477,0.5454545454545454,5.065856129685917e-4
姚松濤,PERSON,4,0.007707129094412331,0.023267959555165463,0.5454545454545454,5.065856129685917e-4
李有槼,PERSON,4,0.007707129094412331,0.03045888128261288,0.2,5.165289256198347e-4
鄭炬,PERSON,4,0.007707129094412331,0.030458881282612864,0.2,5.165289256198347e-4
龍惠昌,PERSON,4,0.007707129094412331,0.030458881282612905,0.2,5.165289256198347e-4
師範學堂,ORG,30,0.057803468208092484,0.11975333116794046,3632.25,7.022471910112359e-4
楊潁州,PERSON,4,0.007707129094412331,0.030458881282612864,0.2,5.165289256198347e-4
周心培,PERSON,4,0.007707129094412331,0.030458881282612864,0.2,5.165289256198347e-4
周燾,PERSON,4,0.007707129094412331,0.030458881282612846,0.2,5.165289256198347e-4
張辰由,PERSON,4,0.007707129094412331,0.030458881282612895,0.2,5.165289256198347e-4
陸師學堂,ORG,30,0.057803468208092484,0.11975333116794046,3632.25,7.022471910112359e-4
劉能緝,PERSON,4,0.007707129094412331,0.030458881282612895,0.2,5.165289256198347e-4
王龍詔,PERSON,4,0.007707129094412331,0.030458881282612888,0.2,5.165289256198347e-4
劉篤烈,ORG,30,0.057803468208092484,0.11975333116794049,3632.25,7.022471910112359e-4
朱其昌,PERSON,4,0.007707129094412331,0.030458881282612864,0.2,5.165289256198347e-4
莫枚,PERSON,4,0.007707129094412331,0.030458881282612864,0.2,5.165289256198347e-4
羅元綬,PERSON,4,0.007707129094412331,0.03045888128261283,0.2,5.165289256198347e-4
張元紱,PERSON,4,0.007707129094412331,0.030458881282612843,0.2,5.165289256198347e-4
余篤輝,PERSON,4,0.007707129094412331,0.03045888128261288,0.2,5.165289256198347e-4
劉雨沛,PERSON,4,0.007707129094412331,0.030458881282612905,0.2,5.165289256198347e-4
陳時政,PERSON,4,0.007707129094412331,0.03045888128261287,0.2,5.165289256198347e-4
楊奔牛釐,PERSON,4,0.007707129094412331,0.03045888128261287,0.2,5.165289256198347e-4
張德熙,PERSON,4,0.007707129094412331,0.03045888128261286,0.2,5.165289256198347e-4
劉映藜,PERSON,4,0.007707129094412331,0.030458881282612853,0.2,5.165289256198347e-4
徐保甲局,ORG,30,0.057803468208092484,0.11975333116794043,3632.25,7.022471910112359e-4
汪喬年,PERSON,4,0.007707129094412331,0.03045888128261287,0.2,5.165289256198347e-4
李紹裔,PERSON,4,0.007707129094412331,0.030458881282612878,0.2,5.165289256198347e-4
林廷墉,PERSON,4,0.007707129094412331,0.030458881282612916,0.2,5.165289256198347e-4
常桂馥,PERSON,4,0.007707129094412331,0.030458881282612843,0.2,5.165289256198347e-4
馬元翰,PERSON,4,0.007707129094412331,0.03045888128261286,0.2,5.165289256198347e-4
仇法賢,PERSON,4,0.007707129094412331,0.030458881282612864,0.2,5.165289256198347e-4
張預,PERSON,4,0.007707129094412331,0.030458881282612878,0.2,5.165289256198347e-4
關炯,PERSON,4,0.007707129094412331,0.03045888128261286,0.2,5.165289256198347e-4
何元泰,PERSON,4,0.007707129094412331,0.03045888128261286,0.2,5.165289256198347e-4
王之全,PERSON,4,0.007707129094412331,0.03045888128261286,0.2,5.165289256198347e-4
博文書局,ORG,8,0.015414258188824663,0.06964270832187007,1261.9706019412497,6.811989100817438e-4
廖吉人,PERSON,3,0.005780346820809248,0.013213431994363388,0.7916666666666665,5.045408678102926e-4
馮存仁,PERSON,3,0.005780346820809248,0.013213431994363395,0.7916666666666665,5.045408678102926e-4
袁子壯,PERSON,3,0.005780346820809248,0.013213431994363397,0.7916666666666665,5.045408678102926e-4
王海帆,PERSON,4,0.007707129094412331,0.0173774724851303,18.505952380952383,5.065856129685917e-4
廬陽,PERSON,2,0.0038535645472061657,0.008856701372259449,0.125,5.040322580645161e-4
南洋商,ORG,8,0.015414258188824663,0.06964270832187013,1261.9706019412497,6.811989100817438e-4
劉批飭,PERSON,2,0.0038535645472061657,0.008856701372259454,0.125,5.040322580645161e-4
保定武備學堂,ORG,4,0.007707129094412331,0.07152891268983297,209.2698215127491,6.775067750677507e-4
都察院,ORG,4,0.007707129094412331,0.07152891268983297,209.2698215127491,6.775067750677507e-4
早稻田大學,ORG,4,0.007707129094412331,0.07152891268983301,209.2698215127491,6.775067750677507e-4
北京師範館譯學館,ORG,4,0.007707129094412331,0.071528912689833,209.2698215127491,6.775067750677507e-4
譯學館,ORG,4,0.007707129094412331,0.07152891268983302,209.2698215127491,6.775067750677507e-4
云虞,PERSON,6,0.011560693641618497,0.027289729295780156,3.75,5.040322580645161e-4
進士館,ORG,4,0.007707129094412331,0.07152891268983301,209.2698215127491,6.775067750677507e-4
陳煥章,PERSON,6,0.011560693641618497,0.027289729295780142,3.75,5.040322580645161e-4
王志英,PERSON,1,0.0019267822736030828,0.00437454518124674,0,5.055611729019212e-4
錢子良,PERSON,1,0.0019267822736030828,0.004374545181246744,0,5.055611729019212e-4
吳友卿,PERSON,1,0.0019267822736030828,0.004374545181246744,0,5.055611729019212e-4
馬福壽,PERSON,1,0.0019267822736030828,0.004374545181246739,0,5.055611729019212e-4
虞培興,PERSON,1,0.0019267822736030828,0.004374545181246741,0,5.055611729019212e-4
楊金生,PERSON,1,0.0019267822736030828,0.00437454518124674,0,5.055611729019212e-4
唐全坤,PERSON,1,0.0019267822736030828,0.004374545181246745,0,5.055611729019212e-4
鄭阿安,PERSON,1,0.0019267822736030828,0.0043745451812467395,0,5.055611729019212e-4
恒裕錢莊,ORG,12,0.023121387283236993,0.06879653299650279,4902.588730890031,6.849315068493151e-4
徐良友,PERSON,1,0.0019267822736030828,0.004374545181246742,0,5.055611729019212e-4
都門書畫局,ORG,15,0.028901734104046242,0.07659363635067626,2377.666666666685,6.87757909215956e-4
惟教堂,ORG,15,0.028901734104046242,0.07659363635067631,2377.666666666685,6.87757909215956e-4
郭建侯,PERSON,3,0.005780346820809248,0.014611011989327224,0.2,5.081300813008131e-4
丁錫山,PERSON,3,0.005780346820809248,0.014611011989327231,0.2,5.081300813008131e-4
姚琢,PERSON,3,0.005780346820809248,0.014611011989327233,0.2,5.081300813008131e-4
容安堂,ORG,15,0.028901734104046242,0.07659363635067633,2377.666666666685,6.87757909215956e-4
黎陽,PERSON,3,0.005780346820809248,0.014611011989327228,0.2,5.081300813008131e-4
程達甫,PERSON,3,0.005780346820809248,0.014611011989327231,0.2,5.081300813008131e-4
葉松泉,PERSON,3,0.005780346820809248,0.01461101198932724,0.2,5.081300813008131e-4
周明珍,PERSON,3,0.005780346820809248,0.014611011989327228,0.2,5.081300813008131e-4
程淋,PERSON,3,0.005780346820809248,0.014611011989327223,0.2,5.081300813008131e-4
岑無,PERSON,3,0.005780346820809248,0.014611011989327224,0.2,5.081300813008131e-4
丁安壽,PERSON,3,0.005780346820809248,0.014611011989327233,0.2,5.081300813008131e-4
江吉珍,PERSON,3,0.005780346820809248,0.014611011989327233,0.2,5.081300813008131e-4
潘子賢,PERSON,3,0.005780346820809248,0.014611011989327231,0.2,5.081300813008131e-4
周依耕,PERSON,3,0.005780346820809248,0.014611011989327228,0.2,5.081300813008131e-4
徐西鄕,PERSON,3,0.005780346820809248,0.014611011989327231,0.2,5.081300813008131e-4
直隸道,ORG,32,0.06165703275529865,0.08485952677108254,7781,7.042253521126761e-4
張文濬,PERSON,2,0.0038535645472061657,0.01079187621091858,0.03125,5.165289256198347e-4
何黻章,PERSON,2,0.0038535645472061657,0.010791876210918585,0.03125,5.165289256198347e-4
李鴻猷,PERSON,2,0.0038535645472061657,0.010791876210918585,0.03125,5.165289256198347e-4
徐堉,PERSON,2,0.0038535645472061657,0.010791876210918608,0.03125,5.165289256198347e-4
陳翼揀,PERSON,2,0.0038535645472061657,0.010791876210918601,0.03125,5.165289256198347e-4
惲毓珂,PERSON,2,0.0038535645472061657,0.010791876210918596,0.03125,5.165289256198347e-4
楊毓嵩,PERSON,2,0.0038535645472061657,0.010791876210918611,0.03125,5.165289256198347e-4
劉慶齡,PERSON,2,0.0038535645472061657,0.010791876210918608,0.03125,5.165289256198347e-4
孫卿裕,PERSON,2,0.0038535645472061657,0.01079187621091858,0.03125,5.165289256198347e-4
程文浚,PERSON,2,0.0038535645472061657,0.010791876210918594,0.03125,5.165289256198347e-4
梁旭培,PERSON,2,0.0038535645472061657,0.010791876210918604,0.03125,5.165289256198347e-4
張劭仲,PERSON,2,0.0038535645472061657,0.010791876210918604,0.03125,5.165289256198347e-4
梁秉厚,PERSON,2,0.0038535645472061657,0.010791876210918597,0.03125,5.165289256198347e-4
黄秉衡,PERSON,2,0.0038535645472061657,0.010791876210918601,0.03125,5.165289256198347e-4
浙江鹽運,ORG,32,0.06165703275529865,0.0848595267710825,7781,7.042253521126761e-4
羅永祺,PERSON,2,0.0038535645472061657,0.010791876210918603,0.03125,5.165289256198347e-4
李澍恩,PERSON,2,0.0038535645472061657,0.010791876210918604,0.03125,5.165289256198347e-4
張兆桂,PERSON,2,0.0038535645472061657,0.010791876210918601,0.03125,5.165289256198347e-4
趙之基,PERSON,2,0.0038535645472061657,0.01079187621091861,0.03125,5.165289256198347e-4
王承三,PERSON,2,0.0038535645472061657,0.010791876210918601,0.03125,5.165289256198347e-4
陳鴻銓,PERSON,2,0.0038535645472061657,0.010791876210918611,0.03125,5.165289256198347e-4
萬選青,PERSON,2,0.0038535645472061657,0.010791876210918592,0.03125,5.165289256198347e-4
魏應驤,PERSON,2,0.0038535645472061657,0.010791876210918608,0.03125,5.165289256198347e-4
劉宗泰,PERSON,2,0.0038535645472061657,0.010791876210918604,0.03125,5.165289256198347e-4
傅維屏,PERSON,2,0.0038535645472061657,0.010791876210918587,0.03125,5.165289256198347e-4
周翼雲,PERSON,2,0.0038535645472061657,0.010791876210918589,0.03125,5.165289256198347e-4
桂森,PERSON,2,0.0038535645472061657,0.010791876210918594,0.03125,5.165289256198347e-4
李文斛,PERSON,2,0.0038535645472061657,0.010791876210918604,0.03125,5.165289256198347e-4
吳塤,PERSON,2,0.0038535645472061657,0.010791876210918594,0.03125,5.165289256198347e-4
董堪,PERSON,2,0.0038535645472061657,0.010791876210918584,0.03125,5.165289256198347e-4
馮銈,PERSON,2,0.0038535645472061657,0.0107918762109186,0.03125,5.165289256198347e-4
謝汝,PERSON,2,0.0038535645472061657,0.010791876210918594,0.03125,5.165289256198347e-4
山屋他人,PERSON,9,0.017341040462427744,0.4054100661454049,1.3846153846153846,5.268703898840885e-4
恒叶道忠,PERSON,9,0.017341040462427744,0.4054100661454049,1.3846153846153846,5.268703898840885e-4
租界工部局,ORG,26,0.05009633911368015,0.7084116008283553,2175.303621126897,7.163323782234957e-4
思詒,PERSON,9,0.017341040462427744,0.40541006614540476,1.3846153846153846,5.268703898840885e-4
李軍門,PERSON,9,0.017341040462427744,0.40541006614540487,1.3846153846153846,5.268703898840885e-4
占椿,PERSON,9,0.017341040462427744,0.40541006614540487,1.3846153846153846,5.268703898840885e-4
劉閣讀,PERSON,9,0.017341040462427744,0.40541006614540487,1.3846153846153846,5.268703898840885e-4
宇泰大成紡紗廠,ORG,26,0.05009633911368015,0.7084116008283551,2175.303621126897,7.163323782234957e-4
盛觀察,PERSON,9,0.017341040462427744,0.40541006614540476,1.3846153846153846,5.268703898840885e-4
昌頤,PERSON,9,0.017341040462427744,0.4054100661454049,1.3846153846153846,5.268703898840885e-4
江南機器製造局,ORG,26,0.05009633911368015,0.7084116008283553,2175.303621126897,7.163323782234957e-4
沈觀察,PERSON,9,0.017341040462427744,0.40541006614540503,1.3846153846153846,5.268703898840885e-4
邦憲電報局,ORG,26,0.05009633911368015,0.7084116008283549,2175.303621126897,7.163323782234957e-4
楊觀察,PERSON,9,0.017341040462427744,0.40541006614540476,1.3846153846153846,5.268703898840885e-4
士琦,PERSON,9,0.017341040462427744,0.40541006614540487,1.3846153846153846,5.268703898840885e-4
淞滬釐捐局,ORG,26,0.05009633911368015,0.7084116008283551,2175.303621126897,7.163323782234957e-4
朱觀察,PERSON,9,0.017341040462427744,0.4054100661454048,1.3846153846153846,5.268703898840885e-4
宜振輪船招商局,ORG,26,0.05009633911368015,0.7084116008283549,2175.303621126897,7.163323782234957e-4
徐觀察,PERSON,9,0.017341040462427744,0.40541006614540503,1.3846153846153846,5.268703898840885e-4
施觀察,PERSON,9,0.017341040462427744,0.4054100661454049,1.3846153846153846,5.268703898840885e-4
周觀察,PERSON,9,0.017341040462427744,0.4054100661454048,1.3846153846153846,5.268703898840885e-4
潘觀察,PERSON,9,0.017341040462427744,0.40541006614540476,1.3846153846153846,5.268703898840885e-4
上海電報局,ORG,26,0.05009633911368015,0.7084116008283551,2175.303621126897,7.163323782234957e-4
和蘭銀行,ORG,26,0.05009633911368015,0.7084116008283551,2175.303621126897,7.163323782234957e-4
福開森,PERSON,9,0.017341040462427744,0.40541006614540487,1.3846153846153846,5.268703898840885e-4
傑彌遜,PERSON,9,0.017341040462427744,0.4054100661454048,1.3846153846153846,5.268703898840885e-4
李提摩,PERSON,9,0.017341040462427744,0.4054100661454049,1.3846153846153846,5.268703898840885e-4
太江海關稅務司,ORG,26,0.05009633911368015,0.7084116008283552,2175.303621126897,7.163323782234957e-4
裴式楷,PERSON,9,0.017341040462427744,0.40541006614540476,1.3846153846153846,5.268703898840885e-4
好博遜,PERSON,9,0.017341040462427744,0.4054100661454049,1.3846153846153846,5.268703898840885e-4
黄京卿,PERSON,9,0.017341040462427744,0.4054100661454049,1.3846153846153846,5.268703898840885e-4
章金,PERSON,9,0.017341040462427744,0.40541006614540503,1.3846153846153846,5.268703898840885e-4
許瑞祥,PERSON,9,0.017341040462427744,0.4054100661454048,1.3846153846153846,5.268703898840885e-4
英界公廨,ORG,13,0.025048169556840076,0.09302563454474234,1029.1007253020584,6.858710562414266e-4
鄭瀚生,PERSON,4,0.007707129094412331,0.030069612166630233,11.543289860543927,5.399568034557236e-4
錢業公所,ORG,13,0.025048169556840076,0.09302563454474229,1029.1007253020584,6.858710562414266e-4
江海關,ORG,13,0.025048169556840076,0.09302563454474237,1029.1007253020584,6.858710562414266e-4
蔡和甫,PERSON,4,0.007707129094412331,0.030069612166630236,11.543289860543927,5.399568034557236e-4
趙蘭士,PERSON,4,0.007707129094412331,0.030069612166630254,11.543289860543927,5.399568034557236e-4
何懋之,PERSON,4,0.007707129094412331,0.030069612166630226,11.543289860543927,5.399568034557236e-4
何倩高易,PERSON,4,0.007707129094412331,0.030069612166630236,11.543289860543927,5.399568034557236e-4
鄭大,PERSON,4,0.007707129094412331,0.03006961216663025,11.543289860543927,5.399568034557236e-4
投道轅,PERSON,4,0.007707129094412331,0.03006961216663026,11.543289860543927,5.399568034557236e-4
道憲,PERSON,4,0.007707129094412331,0.030069612166630254,11.543289860543927,5.399568034557236e-4
仁濟堂,ORG,5,0.009633911368015413,0.0654860190380238,1675.3120032154875,6.784260515603799e-4
鄭蓉卿,PERSON,1,0.0019267822736030828,0.0041640404907669175,0,5.02008032128514e-4
朱葆珊,PERSON,1,0.0019267822736030828,0.0041640404907669175,0,5.02008032128514e-4
樊時勳,PERSON,1,0.0019267822736030828,0.004164040490766913,0,5.02008032128514e-4
公共公廨,ORG,13,0.025048169556840076,0.08136240735793221,1812.5704052172844,6.858710562414266e-4
俞楚槎,PERSON,3,0.005780346820809248,0.017910003703560235,2.980769230769231,5.186721991701245e-4
俞漢槎,PERSON,3,0.005780346820809248,0.017910003703560225,2.980769230769231,5.186721991701245e-4
黄士泉,PERSON,3,0.005780346820809248,0.01791000370356022,2.980769230769231,5.186721991701245e-4
飭通和,PERSON,3,0.005780346820809248,0.017910003703560218,2.980769230769231,5.186721991701245e-4
明道憲,PERSON,3,0.005780346820809248,0.017910003703560225,2.980769230769231,5.186721991701245e-4
商務總會,ORG,35,0.0674373795761079,0.11893787470875539,5054.977244044075,7.072135785007072e-4
高易,PERSON,3,0.005780346820809248,0.017910003703560214,2.980769230769231,5.186721991701245e-4
蔣雲泉,PERSON,3,0.005780346820809248,0.017910003703560225,2.980769230769231,5.186721991701245e-4
陳石匠,PERSON,3,0.005780346820809248,0.017910003703560235,2.980769230769231,5.186721991701245e-4
城隍廟,ORG,13,0.025048169556840076,0.08136240735793217,1812.5704052172844,6.858710562414266e-4
曹松甫,PERSON,3,0.005780346820809248,0.01791000370356023,2.980769230769231,5.186721991701245e-4
樹滋樹堃,PERSON,3,0.005780346820809248,0.017910003703560225,2.980769230769231,5.186721991701245e-4
茂鑅,PERSON,3,0.005780346820809248,0.01791000370356023,2.980769230769231,5.186721991701245e-4
云云遵,PERSON,1,0.0019267822736030828,0.0019359385498984648,0,3.5714285714285714e-4
郭道臺,PERSON,1,0.0019267822736030828,0.001935938549898461,0,3.5714285714285714e-4
方禮,PERSON,1,0.0019267822736030828,0.0019359385498984617,0,3.5714285714285714e-4
王長桂,PERSON,1,0.0019267822736030828,0.0019359385498984648,0,3.5714285714285714e-4
龔采章,PERSON,1,0.0019267822736030828,0.0019359385498984604,0,3.5714285714285714e-4
王才保,PERSON,1,0.0019267822736030828,0.0019359385498984643,0,3.5714285714285714e-4
陸金法,PERSON,1,0.0019267822736030828,0.0019359385498984654,0,3.5714285714285714e-4
立文部,ORG,10,0.019267822736030827,0.07953893087856123,924.6392408829174,6.830601092896175e-4
于晦,PERSON,4,0.007707129094412331,0.027874834372660435,22.9762846470262,5.347593582887701e-4
陸春帥,PERSON,4,0.007707129094412331,0.02787483437266046,22.9762846470262,5.347593582887701e-4
銅元局,ORG,24,0.046242774566473986,0.16456577086206903,1922.9222914287172,6.963788300835655e-4
銅元處,ORG,10,0.019267822736030827,0.07953893087856118,924.6392408829174,6.830601092896175e-4
黎明,PERSON,4,0.007707129094412331,0.027874834372660442,22.9762846470262,5.347593582887701e-4
郝炳麟,PERSON,4,0.007707129094412331,0.027874834372660445,22.9762846470262,5.347593582887701e-4
畢兆熊,PERSON,4,0.007707129094412331,0.027874834372660442,22.9762846470262,5.347593582887701e-4
瑞成,PERSON,4,0.007707129094412331,0.027874834372660435,22.9762846470262,5.347593582887701e-4
陳家熊,PERSON,4,0.007707129094412331,0.027874834372660463,22.9762846470262,5.347593582887701e-4
管衡,PERSON,4,0.007707129094412331,0.027874834372660452,22.9762846470262,5.347593582887701e-4
大憲,PERSON,4,0.007707129094412331,0.02787483437266046,22.9762846470262,5.347593582887701e-4
協濟公司,ORG,6,0.011560693641618497,0.06851637132137828,745.4706019412521,6.793478260869565e-4
鄂省警察學堂,ORG,17,0.03275529865125241,0.11161660957760139,1231.369472593431,6.89655172413793e-4
蔣壽丞,PERSON,6,0.011560693641618497,0.04303431594790995,3.250773993808051,5.154639175257732e-4
袁副戎,PERSON,6,0.011560693641618497,0.043034315947909955,3.250773993808051,5.154639175257732e-4
楊軍,PERSON,6,0.011560693641618497,0.04303431594790997,3.250773993808051,5.154639175257732e-4
沈二,PERSON,6,0.011560693641618497,0.043034315947909976,3.250773993808051,5.154639175257732e-4
尹恩湛,PERSON,6,0.011560693641618497,0.04303431594790995,3.250773993808051,5.154639175257732e-4
賈楚玉,PERSON,6,0.011560693641618497,0.04303431594790995,3.250773993808051,5.154639175257732e-4
南北洋海軍,ORG,17,0.03275529865125241,0.11161660957760143,1231.369472593431,6.89655172413793e-4
趙菊曾,PERSON,6,0.011560693641618497,0.043034315947909955,3.250773993808051,5.154639175257732e-4
凌鑑清,PERSON,6,0.011560693641618497,0.043034315947909955,3.250773993808051,5.154639175257732e-4
盛熺,PERSON,6,0.011560693641618497,0.04303431594790995,3.250773993808051,5.154639175257732e-4
滬南製造局,ORG,17,0.03275529865125241,0.11161660957760135,1231.369472593431,6.89655172413793e-4
李苹,PERSON,6,0.011560693641618497,0.04303431594790997,3.250773993808051,5.154639175257732e-4
俞允,PERSON,6,0.011560693641618497,0.04303431594790995,3.250773993808051,5.154639175257732e-4
公共租界,ORG,17,0.03275529865125241,0.11161660957760139,1231.369472593431,6.89655172413793e-4
關司馬,PERSON,6,0.011560693641618497,0.04303431594790995,3.250773993808051,5.154639175257732e-4
袁道憲,PERSON,6,0.011560693641618497,0.043034315947909955,3.250773993808051,5.154639175257732e-4
文媛媛,PERSON,6,0.011560693641618497,0.04303431594790995,3.250773993808051,5.154639175257732e-4
濟良所,ORG,26,0.05009633911368015,0.1186985635545203,3643.465963821504,6.983240223463687e-4
棲流公所婦孺醫院,ORG,17,0.03275529865125241,0.1116166095776014,1231.369472593431,6.89655172413793e-4
謝金榮,PERSON,2,0.0038535645472061657,0.012374972337224462,0.7946127946127947,5.13347022587269e-4
楊掌林,PERSON,2,0.0038535645472061657,0.012374972337224455,0.7946127946127947,5.13347022587269e-4
比爾德延,PERSON,2,0.0038535645472061657,0.012374972337224458,0.7946127946127947,5.13347022587269e-4
博易,PERSON,2,0.0038535645472061657,0.01237497233722446,0.7946127946127947,5.13347022587269e-4
英領事署,ORG,11,0.02119460500963391,0.07591714103994823,2240.4872473225446,6.839945280437756e-4
費烈,PERSON,2,0.0038535645472061657,0.012374972337224462,0.7946127946127947,5.13347022587269e-4
察騐博,PERSON,2,0.0038535645472061657,0.012374972337224456,0.7946127946127947,5.13347022587269e-4
諸德,PERSON,2,0.0038535645472061657,0.012374972337224462,0.7946127946127947,5.13347022587269e-4
趙桂泉,PERSON,2,0.0038535645472061657,0.012374972337224465,0.7946127946127947,5.13347022587269e-4
趙秀根,PERSON,2,0.0038535645472061657,0.012374972337224458,0.7946127946127947,5.13347022587269e-4
崔觀察,PERSON,10,0.019267822736030827,0.09551281594762333,7.499999999999999,5.165289256198347e-4
海防廳,ORG,15,0.028901734104046242,0.14861354981769545,677.7463277171329,6.87757909215956e-4
工巡局,ORG,15,0.028901734104046242,0.1486135498176954,677.7463277171329,6.87757909215956e-4
來雲溪,PERSON,10,0.019267822736030827,0.09551281594762331,7.499999999999999,5.165289256198347e-4
育嬰堂,ORG,15,0.028901734104046242,0.14861354981769553,677.7463277171329,6.87757909215956e-4
姚少尹,PERSON,10,0.019267822736030827,0.09551281594762329,7.499999999999999,5.165289256198347e-4
鍾某,PERSON,10,0.019267822736030827,0.0955128159476233,7.499999999999999,5.165289256198347e-4
膏捐局,ORG,15,0.028901734104046242,0.14861354981769545,677.7463277171329,6.87757909215956e-4
李大令,PERSON,10,0.019267822736030827,0.09551281594762337,7.499999999999999,5.165289256198347e-4
銅圓局,ORG,15,0.028901734104046242,0.14861354981769537,677.7463277171329,6.87757909215956e-4
奉憲委,ORG,15,0.028901734104046242,0.14861354981769545,677.7463277171329,6.87757909215956e-4
吳繼培,PERSON,10,0.019267822736030827,0.09551281594762336,7.499999999999999,5.165289256198347e-4
李祥椿,PERSON,10,0.019267822736030827,0.09551281594762337,7.499999999999999,5.165289256198347e-4
陳煦亮,PERSON,10,0.019267822736030827,0.09551281594762329,7.499999999999999,5.165289256198347e-4
郭本謀,PERSON,10,0.019267822736030827,0.09551281594762331,7.499999999999999,5.165289256198347e-4
洋務局,ORG,15,0.028901734104046242,0.14861354981769545,677.7463277171329,6.87757909215956e-4
馮袓蔭,PERSON,10,0.019267822736030827,0.09551281594762333,7.499999999999999,5.165289256198347e-4
警察局,ORG,15,0.028901734104046242,0.14861354981769534,677.7463277171329,6.87757909215956e-4
何榮烈,PERSON,10,0.019267822736030827,0.0955128159476234,7.499999999999999,5.165289256198347e-4
陳崇煌,PERSON,10,0.019267822736030827,0.09551281594762329,7.499999999999999,5.165289256198347e-4
周景濤,PERSON,10,0.019267822736030827,0.09551281594762337,7.499999999999999,5.165289256198347e-4
奉撫憲札,ORG,15,0.028901734104046242,0.14861354981769548,677.7463277171329,6.87757909215956e-4
朱承昌,PERSON,10,0.019267822736030827,0.09551281594762331,7.499999999999999,5.165289256198347e-4
董子珍,PERSON,4,0.007707129094412331,0.026860578147974455,1.6691048593350386,5.192107995846313e-4
劉柏生,PERSON,4,0.007707129094412331,0.026860578147974476,1.6691048593350386,5.192107995846313e-4
嚴周徐,PERSON,4,0.007707129094412331,0.026860578147974466,1.6691048593350386,5.192107995846313e-4
施善畦,PERSON,4,0.007707129094412331,0.026860578147974472,1.6691048593350386,5.192107995846313e-4
祝蘭芳,PERSON,4,0.007707129094412331,0.026860578147974472,1.6691048593350386,5.192107995846313e-4
謝小雲,PERSON,4,0.007707129094412331,0.02686057814797446,1.6691048593350386,5.192107995846313e-4
程凝園,PERSON,4,0.007707129094412331,0.026860578147974472,1.6691048593350386,5.192107995846313e-4
蔡山泉,PERSON,4,0.007707129094412331,0.026860578147974455,1.6691048593350386,5.192107995846313e-4
胡寄梅,PERSON,4,0.007707129094412331,0.026860578147974455,1.6691048593350386,5.192107995846313e-4
榮瑞馨,PERSON,4,0.007707129094412331,0.026860578147974448,1.6691048593350386,5.192107995846313e-4
顧啓安,PERSON,4,0.007707129094412331,0.026860578147974472,1.6691048593350386,5.192107995846313e-4
周熊甫,PERSON,4,0.007707129094412331,0.026860578147974472,1.6691048593350386,5.192107995846313e-4
袁恆之,PERSON,4,0.007707129094412331,0.026860578147974466,1.6691048593350386,5.192107995846313e-4
朱省之,PERSON,4,0.007707129094412331,0.0268605781479745,1.6691048593350386,5.192107995846313e-4
田資民,PERSON,4,0.007707129094412331,0.026860578147974486,1.6691048593350386,5.192107995846313e-4
陳秋庭,PERSON,4,0.007707129094412331,0.026860578147974483,1.6691048593350386,5.192107995846313e-4
葉鴻英,PERSON,4,0.007707129094412331,0.02686057814797444,1.6691048593350386,5.192107995846313e-4
王憲臣,PERSON,4,0.007707129094412331,0.026860578147974466,1.6691048593350386,5.192107995846313e-4
葉明齊,PERSON,4,0.007707129094412331,0.026860578147974466,1.6691048593350386,5.192107995846313e-4
葉齊,PERSON,4,0.007707129094412331,0.026860578147974466,1.6691048593350386,5.192107995846313e-4
順利火油公司,ORG,23,0.04431599229287091,0.10116217718501075,2629.1914458812644,6.954102920723226e-4
董子琛,PERSON,4,0.007707129094412331,0.026860578147974455,1.6691048593350386,5.192107995846313e-4
順利公司,ORG,23,0.04431599229287091,0.10116217718501079,2629.1914458812644,6.954102920723226e-4
永泰祥,ORG,23,0.04431599229287091,0.10116217718501071,2629.1914458812644,6.954102920723226e-4
董子璋,PERSON,4,0.007707129094412331,0.026860578147974466,1.6691048593350386,5.192107995846313e-4
徐君刻,PERSON,6,0.011560693641618497,0.03673666112460733,0.9999999999999999,5.096839959225281e-4
麥君查,PERSON,6,0.011560693641618497,0.03673666112460733,0.9999999999999999,5.096839959225281e-4
哈華托,PERSON,3,0.005780346820809248,0.005623580759779714,4.184399551066217,3.57653791130186e-4
瑞昌祥,ORG,2,0.0038535645472061657,0.06489513139112836,126.28888947873881,6.756756756756757e-4
虞和德,PERSON,12,0.023121387283236993,0.07032404524369013,113.6674406604747,5.197505197505198e-4
虞洽卿,PERSON,107,0.20616570327552985,0.9999999999999999,117819.52648797623,0.001037344398340249
魯麟,PERSON,11,0.02119460500963391,0.07419918854265428,753.4865369175661,5.617977528089888e-4
